0,3,4
102555.32079685584,90.11894470526182,226.43429495138307
186593.21620624934,48.266974177035365,224.32135314976387
124011.49961262011,72.91518949363349,230.00000000559837
135014.21328654254,84.80893869826178,257.28051833116734
555730.117700093,16.26276489863774,283.9241884330801
574678.9544035366,10.633262342190381,262.5512131835859
245202.96052971648,43.528898905196506,240.7010781996556
200953.7111320652,66.42694938495444,266.8267158103417
549236.0322923006,16.557809757486098,280.46180926346807
566136.0322067386,2.842170943040401e-14,237.9361326504948
387091.01790249895,32.99689795456705,252.01032278598822
119290.62278519665,85.07063930650027,242.74666362892643
566204.2034172531,13.676044996468564,275.28275553360317
563310.1505309372,17.702491626274917,285.8760282346697
720705.8507594652,18.896875585336566,277.2421889689398
106239.48810909758,89.03524671082678,230.00000000559837
563778.7207134664,0.0,237.4402494762559
131981.63297548523,96.58891646146641,266.30088586969566
985871.5199740272,50.58995286969073,397.4744836017129
308819.5799809797,100.3195572263389,226.19482422083647
252222.13951281423,105.966709311729,227.54143378614307
171699.67537762932,53.99446645475259,226.14350674034253
553024.8237349266,18.801062148542684,287.91279559561167
800709.7878379732,28.599156698913024,315.1879496206824
720100.2603091632,52.73630796052252,359.63885234487606
554027.8781327443,24.269670200000604,262.26733247313416
566584.1108212499,16.706477074688898,256.1457274321382
573780.0031649264,26.24505961500278,268.2041930926722
559419.4955140874,7.160409956279462,251.8381874453674
554366.2221703044,27.763361199105304,266.8056475941806
544696.8864799365,3.7335067929934502,241.33323693380075
691182.734309271,17.680565299284478,271.1486337207144
527491.0166090003,30.667544664541655,269.60496723013205
801703.0880316013,31.489159766958302,321.7206121866099
890260.374739332,45.46329149949126,369.0815411069916
468504.95920875215,2.842170943040401e-14,216.44975380183553
633669.1647095194,14.545227739165774,268.490991836744
565455.3615345443,12.315650533591027,271.5883880870493
551558.0293548661,5.339789660079352,246.2473358239738
515528.40438894706,2.842170943040401e-14,227.0525059075427
544034.9389921997,6.471304171187909,251.3864435466704
487683.4999423852,10.1162634030998,230.00000000559837
386582.70498864463,38.418412833094706,264.36788986083593
574259.8034806862,21.180628042261645,263.05541800989306
1361340.8308474664,66.46392843841971,396.15982110164765
547992.1837045252,31.602112159951297,269.2804859387016
508451.8780361839,4.9958477340943,230.00000000559837
511690.0180590747,2.842170943040401e-14,226.2056626300665
588289.6793681217,15.172726407887028,258.9276521115398
100596.61266606218,86.6378171774263,223.8082960830564
515288.81034068647,0.0,226.99973796035238
105228.57945044691,81.4549314282936,225.26330775786494
105936.77992390282,90.34603556034632,230.00000000559837
348456.43571522756,27.874093305826626,242.91204966058402
276878.1752854464,31.414540796624326,226.23331701902293
122988.97051021877,92.53355512715751,253.56660370351108
531383.7900941974,1.175483483332465,232.84905863564506
379934.4026209391,82.94668998811319,224.90451574280385
174100.7958382729,62.933366096696126,246.7114667654167
499278.3851205618,0.0,223.4453814963652
514171.8369912902,0.0,226.7535748320829
574443.6824289414,10.580328244559748,262.38752814504915
535675.721284568,4.082250414497823,242.4073755803299
447060.52566419606,0.0,211.43805846256632
547470.6412277436,4.384806822653743,243.32343941248115
513524.49905916234,2.842170943040401e-14,226.61078947374997
581255.4328147047,12.105228625880759,267.1069846395436
492630.92499968054,2.842170943040401e-14,221.95290604082672
179422.81377195616,53.62740202743298,230.00000000559837
607000.2639815481,15.905434184318885,262.5709119048939
128649.77467656747,98.12915048220505,263.2839592030043
583486.4504514385,16.69085112981784,259.4121357141781
104300.11867006768,82.76029283905407,225.35991886457325
541302.7526833307,11.258534173137816,263.1067599539923
164172.3484572487,104.72029607991114,243.58258412410163
395848.7256923123,13.617081655302389,225.72710438515296
510918.073596403,2.842170943040401e-14,226.03496932917326
546866.1418361512,4.243087464114248,242.89010171841568
1371257.7233189947,67.08851141916055,397.72127855349976
445596.640039545,0.0,211.09160097918274
106903.94641597608,83.9621289794647,228.2629316171508
587455.6717977799,15.579973112548517,259.2342593069138
103332.46232567713,87.1694023576661,226.63356090727777
730412.1954213823,64.77045522470203,391.92613806735346
513519.1189913214,0.0,226.60960239833648
508343.71096853033,5.022405631736775,230.00000000559837
519450.43257286097,25.958204881491017,261.63880061215
565048.7745023622,29.94935214753011,314.93953827090706
545116.7276859349,5.003906771284893,245.12694880348675
568271.8777609767,9.184909624298054,258.07664262566584
540747.7409170606,4.862995785817953,245.61391188460013
488968.1105288486,9.799520068911537,230.00000000559837
117415.75482772908,92.096910343922,246.5931675117461
557253.1585623423,6.660843092979925,250.30209943375152
161759.456124543,56.99483148228935,227.68898045047982
404591.6094334371,14.69649304061611,230.00000000559837
172447.62406143642,89.33535134699949,258.0289072323765
220809.4287628872,98.11330260786853,260.33920451484744
239726.55876786422,37.91679394602592,225.95011800662994
1049808.5523748198,66.51133561248236,371.14304591042054
1378394.3354342857,70.00419621974604,399.6098956883887
107540.99841212825,86.09915530511714,230.00000000559837
106788.91157429635,83.15398711027665,227.6619112180564
109388.76152223792,83.52797366010913,230.00000000559837
1491600.5801318882,80.27055594475394,475.6317476909665
545080.8114837016,3.82381050205747,241.60898158607236
544286.3354031084,30.490753763529696,270.9463017075047
933593.2382694066,36.66959533902658,321.6739883531648
543795.2219064111,3.5212296048768574,240.68530500505435
899889.0930011125,34.02294179773309,315.0573544999311
413945.636264406,26.919376440815004,261.6971924927209
663316.6408707177,15.627277604643462,264.8884378039726
102046.13900567492,85.99029990948792,224.9926948732539
807525.8663757474,47.105954370648604,324.7540571125806
107143.11612245212,86.81711254966693,230.00000000559837
532208.9781872507,2.0158717590178137,236.55095945931924
580755.2021088599,11.993785201404082,266.7618012334737
266502.5292595577,105.8016571352043,248.57506933700057
342982.7888491107,31.190321876109877,246.58417327795087
106815.7298355371,87.49282831616696,230.00000000559837
498952.2116814222,7.334912814614041,230.00000000559837
307346.2103675528,70.46845753021614,263.36237046879785
130231.30487784027,69.89511146024947,230.00000000559837
539881.9074256406,31.854725460811835,274.28498840349147
511488.4213766656,0.0,226.16109775482292
622542.6682444077,2.842170943040401e-14,249.5080496185259
1052693.6875470316,47.373564501891636,344.66203696863937
1115022.6833022698,48.27479823776504,370.9114166656763
577748.6859621281,19.821938595482695,262.1854073810391
577553.5334494816,11.278481149975185,264.5472313352162
732754.1046391963,19.978042902077014,279.9451072607909
510615.18073033734,0.0,225.9679580671422
878602.2706368247,50.77664529104779,335.47091718779046
527174.8619320635,2.842170943040401e-14,229.60288803324391
539605.7096362716,32.058980234465054,274.9037295430094
547123.8744155023,16.743026098638,278.0599746435861
572908.0820569163,28.146506541397013,320.7370764736475
104393.51906471903,82.06006097435143,224.99292621594216
514773.9458446203,0.0,226.88630321035694
451204.64969216846,25.72058707432297,263.86024267247467
294914.88794036134,30.499611721316956,230.00000000559837
494531.48237398756,8.426265305549876,230.00000000559837
571904.529279519,30.28595308717616,323.73503684363857
219174.27332301496,50.28200642968528,243.7233301405079
372579.49239012634,25.016789085219653,243.44666261149712
251077.65905158248,55.16967757859199,264.5400065956835
542971.1003985787,12.042521531766639,266.5269383033374
543004.6537795122,29.934624648935532,266.6742602816214
508880.82508979307,4.890550894367325,230.00000000559837
508612.7256638326,0.0,225.52443895592174
507800.55169117684,5.155797481948121,230.00000000559837
1172097.8121001206,54.03409273606406,365.0852318457585
631196.167227389,24.133994347988363,288.9760759020911
237068.22509030421,38.76387993535494,226.53844445872124
516047.8399284477,0.0,227.16686376504117
1096366.83206677,54.24446769396514,394.7685751969528
550618.0303596037,28.700844866941864,266.2217013001203
486169.77741507493,16.418549211140245,230.00000000559837
904985.2595384588,36.746572718574186,340.6148883620519
520839.7973206026,19.020792538407797,250.20342624711316
249454.91712972475,36.521792653426154,226.7044143243759
599872.7767056671,19.576850806616157,265.89437387339035
510230.9188173477,2.842170943040401e-14,225.88291631226733
217372.2497018525,57.33441626017932,227.9223694917104
757171.2785590863,34.14745919190114,322.40127827126713
571321.9415089391,9.876159481116611,260.2111196800239
200734.68805146145,48.42599673278728,230.00000000559837
245960.93686874374,62.92578524710015,262.60471343072925
598221.5549011204,8.874318462724053,254.90628767272932
361363.4127150399,95.02255187928186,251.07414616840083
565958.3045784314,24.150283624794366,264.85118063646564
105976.69587637608,90.12012835116525,230.00000000559837
786315.6107843518,27.498489435863664,292.8108761852134
106438.63000498728,88.42612255655999,230.00000000559837
359166.5332429736,20.814814290909894,230.00000000559837
599112.9988228469,7.526524553956162,253.48166100634995
571845.24357911,9.994434777258263,260.57653908800586
887142.1446834134,33.00737135467408,312.51842839228357
552863.7522777874,16.943982069981075,284.2960575174312
501717.0259536298,6.652986963030695,230.00000000559837
503808.1467600044,6.137761994029335,230.00000000559837
565673.800712779,28.688571041150304,314.8966132758314
510862.18675106805,16.88866017320486,249.07859774166687
513784.67083792476,3.689365244357449,230.00000000559837
322030.7760221268,33.38939796732232,245.61966569537893
587922.9880671594,2.842170943040401e-14,242.4712329467476
515170.652066444,0.0,226.97371038656524
351414.0902637279,101.42278156034092,226.1316619039935
539603.1892787701,32.06198151675342,274.9129691470664
581624.8111007137,12.187465515317864,267.36173031319385
297286.0255539365,28.607382522843704,227.24482186090273
530164.8985113058,2.289473790094779,235.99725765844457
549766.7586972335,4.921977388583712,244.96730896217673
529333.9217371144,1.6131308819581036,233.92925672065894
530990.3327555836,1.0717829074120422,233.62776031628027
253399.41220930748,67.65914779175674,226.95607162987315
331935.2624866731,56.933115088160925,230.00000000559837
116825.48710461712,77.1504295711012,230.00000000559837
197624.51550782326,100.0593987228257,251.39930106571563
642740.8891874565,11.628267297981973,259.0706682505533
105832.29024678362,83.2189647067955,226.9179503941387
180523.20308054585,53.341701261763106,230.00000000559837
618493.6782429226,2.842170943040401e-14,248.69533132789658
114027.35631248938,75.4871422889178,226.5019416333912
108591.26624701012,84.52836531917352,230.00000000559837
130490.52550142811,101.3360203415335,266.3923039197736
109328.73488009584,83.5991251966666,230.00000000559837
131158.57867044257,95.92085823204329,264.9794804670045
578897.6290960837,0.0,240.60291542208788
511832.8148165356,30.022297110171877,266.31035706035937
562364.9307679646,12.62428323388542,250.79195400677867
103503.69181015647,88.89990138810836,227.26874974499964
576612.7582330991,20.272293807882225,262.47729749081645
597498.0561651401,9.570030081076888,255.49913033722976
116171.77659317826,86.65703380761279,240.9595299939745
391171.09501202364,41.46296598316926,264.208517328762
164767.78345621194,66.57390945368289,248.21127605862566
1395814.9842846547,70.06552721559397,402.0100385506282
821282.9100450091,28.933310942096522,299.5826924146563
121538.224372221,92.22458558090398,251.67255411673756
108318.77177368953,78.81203772264143,225.59862867937113
491587.4197200944,9.153173515021757,230.00000000559837
417605.1465754666,13.031000189614623,230.00000000559837
126324.15126064,94.73323890828338,258.83637529617715
1191272.7616582704,55.34128828133172,368.35322070892767
318506.7037389915,24.598722980692035,225.96161993795187
446796.6173567171,0.0,211.3756413016214
743949.6394766642,23.305820234012312,283.4097917058379
528322.5205654416,25.27470905345037,263.80839514027195
109000.86509793364,83.99891870933503,230.00000000559837
490626.9963698417,9.390232025250947,230.00000000559837
647619.1141556986,13.736400812596594,260.98081856660446
549390.2433185397,4.834015867959883,244.69798231758375
109447.63481239672,83.4587649542545,230.00000000559837
266221.31602535007,105.72283445379162,230.00000000559837
517498.3871337703,2.842170943040401e-14,227.48590882377096
544138.3875015733,10.486587930635046,264.2290177931263
117867.97606456108,95.32709160457185,248.50443488766723
128674.09579215203,94.79482233147101,261.513841791375
629637.4717547368,2.842170943040401e-14,250.92578021294202
597473.8377330337,0.0,244.4327796620236
515574.7297671185,0.0,227.0627071465322
543653.6986781382,9.31253522584051,260.8958398866976
117799.60895212609,93.168283503915,247.6357722933662
104717.33432959837,86.97974079894882,227.86920357369263
1257280.4819011786,57.366582833285044,392.86666833810256
1424074.928879895,77.32450330583215,474.0665808116185
399547.2229365739,104.36728304383008,250.04401498434902
681960.5216555683,29.388971420809824,300.8118112940609
280376.10976923356,31.465596959533023,227.39251820202196
109111.42403011218,83.86191174397908,230.00000000559837
850193.605025707,76.34403934574145,403.1196649224775
542200.556363023,3.1451333634583496,239.5382753083216
595775.5907727773,47.63951216998545,365.2545495069677
1266230.551669891,60.343726594213614,380.8593164911324
610426.6222409237,12.010584214189102,260.9463177519067
154462.02432352814,68.79298569798743,245.9597015152993
509926.13617332664,0.0,225.81544149444844
953473.922081697,38.205523849596254,325.513809629589
466425.284486935,31.17486510762722,265.6773963477922
1081206.0975151756,47.67124777388305,371.923575558279
505961.3135918768,5.607863295456796,230.00000000559837
542666.9033262718,11.509235713760098,265.3151677631559
547093.3077528011,4.29635898673663,243.0529730581586
588262.3794422722,15.167836486055203,259.0672073969177
532364.776328624,2.191563284364388,237.29402948144266
513886.42143614026,3.6644960059705447,230.00000000559837
539698.4040088163,31.972482605336,274.6390152889173
245419.97432104388,92.03846820900388,230.00000000559837
703772.7641836018,40.944116110311185,320.6790848749673
1118050.1621794384,50.28493680937735,355.71234202904174
152135.20548487903,98.29422688983314,230.00000000559837
567513.5091141062,28.002803952330233,316.2081210796478
566067.6561326211,13.72249636201344,252.82727642276785
105280.07138387594,87.2837977772993,228.50780118971937
586736.8122560494,15.924125124837202,259.489624820024
448014.88596633734,25.807401621418098,230.00000000559837
541130.5661467654,9.62174359049011,260.6066477208631
583634.0571587912,34.05778362538517,339.37907190220324
529812.0978825969,0.527612070345528,231.75870682688299
122432.40399708529,71.38382680042253,227.31107245196444
514526.72435833304,0.0,226.8318153078031
701922.2225297912,29.946486423180268,287.69145564400395
1215778.580174437,56.995206643430066,372.48801661417355
865987.6911967723,33.48853972246668,309.10925891931805
517417.68076956115,0.0,227.46816937091685
555265.1631348256,6.200974446658219,248.8893675852958
566323.1081884888,26.404931741945553,298.1374317959053
1201200.3840183818,56.01353883885662,370.0338471027399
597018.2652786045,9.973882938427684,255.81145847568163
569438.6591845438,27.93344482327639,317.8658389047627
566242.795471949,8.723266598835535,256.6523368809021
161061.93859072324,54.951089986492946,224.2987339786406
567505.3667989883,23.62266050554628,264.54268724456074
497144.1960298247,7.781164819019925,230.00000000559837
233035.8290926002,52.31203842599412,252.50412797273222
557764.951710564,26.763970113696764,266.2996465508515
570847.0332471407,9.768740178416403,259.8792908643201
317539.4841531166,109.78359743189695,230.00000000559837
106162.89906333436,89.3059359414425,230.00000000559837
103252.71655156332,86.6943954923531,226.3921252701245
513234.05108237284,2.842170943040401e-14,226.54669520484575
514644.8340846752,0.0,226.85784846125011
785494.4903689289,35.10344208474819,327.9858616786811
860540.8254584122,30.86096413635609,307.1524103464886
1281495.6214802996,63.58278102757269,384.0793297124335
106763.12050066708,87.61110379586445,230.00000000559837
473129.77903891116,0.0,217.51546589585558
1059474.504211286,46.77989836005437,345.5065298314298
176961.47942327766,70.52802166183793,262.22809793657285
120272.34820173457,74.98685908318265,230.00000000559837
106155.48647198116,89.333592430878,230.00000000559837
582826.3783049828,12.454656457136625,268.18956016415314
609665.5589723105,16.10492287114756,264.96797675310125
539704.0418193027,31.96814117070723,274.6258208007938
526178.5321985927,21.08754753670648,254.3131518281945
555754.588895833,6.3143164644774155,249.23743960988938
563647.6653407692,27.34036822220568,311.0317736011985
857920.8710351718,71.72633036999741,375.8394808876545
728028.4702930646,21.500236354176423,279.71217287258054
594104.1782811711,0.0,243.74252363532528
683608.3320088462,22.468986370925624,275.20120437622916
606912.5896010734,50.45535873734867,381.1278184181489
227936.86384293914,42.57594435364072,230.00000000559837
492028.1485418146,9.044372106413302,230.00000000559837
373239.84441804513,17.166624499487273,226.76321403846134
207514.03773839772,99.5502590428305,230.00000000559837
554942.7691746539,22.581795137002864,294.90234428268604
515791.0291564325,0.0,227.11033203190746
1020528.3683034198,56.87290576529778,351.58585309654944
400678.639337154,63.980298241330445,260.9754435572974
500144.8301852973,0.0,223.63918041910665
140560.46876420898,77.20337891324947,226.4502658449103
126687.2433363687,71.56119214501919,230.00000000559837
500637.03168424114,6.919277391175585,230.00000000559837
530654.7870970123,0.0,230.35945543802023
571970.1282523099,10.022646900183345,260.66371082332097
368422.5180751296,42.360276310390546,266.526088306343
559603.1425367605,7.2026850611968785,251.96824121895966
292589.08547723776,99.75401379939618,230.00000000559837
103204.9431590443,87.16392181908006,226.50968960993202
536906.1339111722,4.198059903959567,244.11623952235072
1312012.1530075343,69.83202730197493,445.7064756655441
166249.98374406976,53.92401596126169,224.96847794718883
505071.3624518695,5.8267995007241735,230.00000000559837
653068.1673432309,12.620090548101926,261.5502263758532
696510.7296050948,18.16985566389806,272.37360838176414
104044.85603331371,91.18908375004541,228.08414750444666
114355.78505421561,91.35854670693716,242.26614165811884
873398.7841360617,31.903089881016687,309.7577247081401
111171.97185147481,81.634700347792,230.00000000559837
174675.03820827953,54.88530258918503,230.00000000559837
511041.18916882476,0.0,226.0622014333278
667902.2374677728,15.397567064236863,265.6777335944823
625091.6137083244,2.842170943040401e-14,250.01832207026834
534429.9855731424,3.479908167664711,241.59070981952067
571917.3789577526,27.807173800837774,319.42299263020476
579583.5973877531,15.292166932720114,257.10466404531087
329437.63347007683,33.83019038595477,230.00000000559837
598923.8778764725,7.951388444944761,253.98086423059993
515968.7509539326,3.1560711690105996,230.00000000559837
461729.7681396588,2.842170943040401e-14,214.87898178734437
124851.7409937975,93.47647634062989,256.34327687168275
1101556.5186967752,51.78069915466845,353.72325070949825
225658.0555891723,65.07554055866373,242.26655919834278
408937.59338462533,14.136325110865915,230.00000000559837
557945.8965333478,6.895742144766719,248.7391178950501
537209.6296822849,0.0,231.77783105428458
513729.92761142144,2.842170943040401e-14,226.6561112371386
513351.5720392762,0.0,226.57263118904635
126164.73679846815,93.23429530992954,257.64640374737024
127284.603287683,69.55116176165104,227.93416593565416
826454.1178563705,30.74188244142487,321.9064516004277
639983.7114522184,11.361860608632776,258.4046515271803
146938.2922690579,61.088801292856964,226.87711348957455
914158.6515281602,66.2372078082543,379.9185573944894
107428.48513353644,86.29301283143559,230.00000000559837
116325.15739179595,91.21445106704768,244.70928398843802
588741.3396765206,9.504524684289231,247.20596509419127
120966.96266406243,93.05609519533613,251.52394598021004
107172.24914528415,86.76120407162006,230.00000000559837
121659.54115172636,77.82176244526902,230.00000000559837
396191.2670313391,15.790910383455866,230.00000000559837
621481.7265013871,13.22624058241425,264.56537335892443
593798.8569901597,0.0,243.67988365685005
709921.8768729814,52.04742371925726,340.81439832030225
508849.2570937155,4.898298971062022,230.00000000559837
1270552.460239692,61.40862575926255,381.82284942580685
544275.7344471728,5.817451368673822,247.52561937378343
103783.71957224332,90.19125198399749,227.75243137751715
493842.8802878014,8.596301292812091,230.00000000559837
510838.2184835624,2.842170943040401e-14,226.01730431176335
535635.3029506494,4.427612731091466,243.01389251786597
605992.0772845324,28.239940074441975,287.6811097296624
507430.0351961423,2.842170943040401e-14,225.26207741121058
351586.3578953548,65.9693194655575,265.17138098066346
133998.96302264405,94.59357671144672,266.969943280041
534378.203485019,4.194119072614763,243.4719137885925
419953.7210366421,46.44366049324048,230.00000000559837
573752.0279615103,33.263455798202905,329.16017934522876
1099988.9859728003,79.11808018465507,430.7176932168404
582765.4939087019,7.572181906389311,250.06762828298258
314697.0127643266,87.68210736287627,249.35910498496125
803782.2233521825,43.917943942766186,315.9471166853576
367325.2891793116,19.677764254972637,230.00000000559837
525669.5356636071,6.262409683414486,241.15229065303856
167922.63226423837,90.60208002407992,255.11103952106936
567302.8863957712,28.7480217248819,316.92869146435993
228896.80786096666,65.02296403292854,259.60284701231245
834935.4900747698,31.602156299075183,303.02025008053147
453149.3875684946,2.842170943040401e-14,212.87305784633588
721101.3340581752,46.33091800629822,321.24984798237415
179636.27705864602,102.1559807295186,226.45962951607999
501943.62983347254,2.842170943040401e-14,224.04098505261766
397103.79545400105,33.75641795232184,230.00000000559837
565866.0433263152,24.181394843859017,264.8692218113405
333428.1157206583,24.527321721989082,230.00000000559837
194165.25530520073,88.26821168636353,230.00000000559837
169015.26189660237,93.5050469747968,230.00000000559837
121447.07873383551,91.75630479955805,251.2401770397415
313302.4775687588,110.58993724847096,228.49946601838542
1072207.4159491693,47.90783532766416,347.87610108005686
302780.27238674305,45.39894610678914,260.159308638467
517122.6544467876,2.842170943040401e-14,227.40331010053208
652760.3111236313,28.325852337063978,293.1017256420541
549701.2061087667,8.855133063305445,259.6607728640175
572538.942563964,18.264187605241958,266.4787921865002
917179.2600817116,46.42047808283208,378.69450025700223
344454.51540627267,96.9942122580107,230.00000000559837
493205.54637631297,8.7536733846542,230.00000000559837
351019.7936789216,62.985563307214186,230.00000000559837
321080.73168916104,24.17558509609312,225.90007684659983
585168.3390714924,0.0,241.9025297659147
562163.5917630278,22.70885812907782,262.25104490795917
1064460.0771723408,54.865274207076,400.86385103759415
172110.89398377432,53.384982595951115,226.60791006583366
580647.7737650253,2.842170943040401e-14,240.9663407542691
1400593.8641498194,82.09584876745737,466.29487027235126
956574.5351920719,44.10855935811408,362.55464336712004
558881.6632716524,26.42503964701958,266.1207060138384
557761.9980602082,6.7783296685071,250.6632232541582
548205.5878508429,10.857487541043785,261.7069873162819
124636.28692816332,80.3506969276692,242.10506144450406
267424.26000486745,32.35990038448291,225.0172207344571
567891.4528641811,25.446994335671867,311.9966226122639
106289.23680158162,88.87194374817,230.00000000559837
463781.93869120686,0.0,215.35597012648776
535674.5781140181,32.10328710204099,270.64580305933873
505518.8079476143,9.299768638950288,231.56567677302593
554357.0122327561,5.9904443896177515,248.24304292448792
515837.18110817135,21.563703792762507,255.0146375752628
206184.49116156084,100.62919484766826,225.67660039755197
1201870.4034279222,56.05879935955285,370.1469984044805
963435.3565061761,88.39889283604073,436.00202765081826
518647.07858271024,2.842170943040401e-14,227.7382441713974
107993.62481443903,85.37636835594661,230.00000000559837
821244.3857220623,65.07330180438443,358.7858204018719
518395.71329079225,0.0,227.68305015762422
502563.1527217619,2.842170943040401e-14,224.1792034783249
509392.0427197456,2.842170943040401e-14,225.69715167005222
207825.47239378025,63.30427661099104,263.68910581285905
161282.65069393467,55.47339611296226,225.18762289993464
335441.47036112036,115.31990343589318,244.38922204787107
496772.6270277036,7.872896164857936,230.00000000559837
514913.04463160504,3.4137075639785888,230.00000000559837
101440.23936847101,86.61441460485983,224.6288984655538
340991.7260153761,94.42095745171099,250.44558824591024
502520.46647780703,6.454967089661818,230.00000000559837
534402.2944983369,3.4793724396274146,239.9443834368119
528872.3161118504,0.456695257270233,230.7830023251093
577870.5423612263,19.773147150743767,262.15356837340556
505505.90090368397,0.0,224.834583839694
163243.05910792158,58.10514520013963,230.00000000559837
664267.8617780228,45.94011602882389,339.88311057215054
532966.3995275171,3.6439633678264705,241.3626147398358
1030325.1863362083,43.97979160894512,339.94947902796116
562463.265000997,25.301620380367893,265.50707845435545
336839.56580124656,21.919060901089402,226.05642864685066
1412189.7498795337,71.2605238710368,404.60304240255874
539015.9117653306,23.247587398090936,258.4322168840307
730030.3324484936,56.15252269122423,353.81029643278407
644060.1834407697,13.186454237390217,260.03382325262584
541738.2028010868,4.642822012139743,244.14972806565345
589592.8144063826,14.517350526952361,258.42340822372154
131076.08440570612,97.4512406904335,265.7973870946465
499269.0443208014,7.256734391954691,230.00000000559837
515161.2638655836,3.3531080253240875,230.00000000559837
493185.00568645063,8.758745217613447,230.00000000559837
146332.51899903308,62.03510272709923,227.920568619387
599092.6417532584,7.586765248154484,253.5559750661841
582435.7859750416,12.367854794676791,267.9206000229989
207269.72130588634,101.47841034156855,263.0376621103822
528812.7272848415,4.99688438000688,241.47857437728644
113548.88394518475,95.3043122628726,242.23541821464073
543824.5001414901,3.528126814385963,240.70635146177167
126403.67373610234,92.08050616078366,257.0149901881264
166723.07299333712,71.85892918344084,258.7936919109845
105516.88309224878,81.78138387565035,225.71977508441154
529694.5712498695,9.606188136457654,242.71483104613174
698056.5781477181,17.816721645477287,272.5145486191927
575249.1429451195,10.76147068798888,262.9477087549159
540893.9289664987,21.55784958063212,256.7867449800212
564413.0510741539,26.80330125563927,267.2626870252422
107571.19337106524,86.04820470012295,230.00000000559837
104669.29120809842,85.38007337839251,227.12655688471628
381416.9763702983,31.889381615346068,255.74433274630752
674836.5720216478,54.886869895117655,340.47814763918535
306324.0236682705,108.20493414162179,225.9138328955319
497031.7977787463,7.808912596358943,230.00000000559837
595269.6031845754,11.24960472524673,256.6760697950072
116865.14549581952,72.53466865049558,225.22690957800543
1035929.726941406,44.39132867640177,340.9783216966028
707849.8780398648,17.731479349377366,274.3286983790418
572372.8462407151,21.88659055130713,263.49528765163905
569776.0570020396,31.872861657678943,322.89477234298806
103237.39952264988,84.03808571604502,225.18431534736413
635828.9506578298,14.20284367622282,268.5420862417268
534041.7748270218,3.2304015492840237,240.76194502733992
501465.3572763043,6.71502924797114,230.00000000559837
568036.691190331,0.0,238.33520327268715
580692.4307606425,18.615630016129835,261.38531376592886
598406.6351268595,8.668595650451275,254.71548932953374
724555.6761214627,52.168331534344034,348.1853278363478
155687.61168621728,57.319830826010815,225.46925229774777
557139.5272183233,14.658852941045142,251.9722781868729
500614.5020070004,6.924833696868869,230.00000000559837
1301269.0208529371,70.14009537746554,463.59560420530465
747461.47434063,57.08553738540177,354.5708553179008
828984.2606491981,28.265062309643042,300.662655779706
186133.94017873888,72.24804224381597,226.09149165737884
131713.3403661005,95.36008411551121,265.1914215625564
440524.9061212491,2.842170943040401e-14,209.88685192771106
1278849.908324034,93.88854448479279,462.7226108342954
361542.56645835197,24.903168107031448,240.96854771019576
575747.1898048408,22.018774864155553,263.95875431904454
554403.7515646002,6.0012865706642184,248.27632150798973
577557.7707560483,25.27426846867498,268.0425561421005
767203.6527705491,23.013360331714775,287.5334008348853
1096649.570829011,48.77283621440157,351.9320905416023
548304.7992249962,4.580163629020783,243.9210328507253
255814.94801430783,101.7303566591713,227.99732047388946
109794.2491263948,83.06216008283563,230.00000000559837
530981.8271387799,1.2807716226266856,234.26918466950212
512723.5823180069,3.948847506368442,230.00000000559837
1143651.7762992699,52.07302150380941,360.1825537651219
722988.5629046636,17.226350780085053,284.38225205363716
572417.6418820511,23.626005669129764,265.2448503981848
1111622.5698489011,47.224984995531464,362.292002523705
555642.9368039023,27.393535643794014,266.6226406746075
702596.3735307636,18.889836466015037,273.83631641260706
435302.99062809366,2.842170943040401e-14,208.63915994560887
834876.3772496966,46.86567525063188,329.4144604758041
210728.95943230885,58.1801031713837,254.84138910340326
824880.9915568284,27.923391506813473,299.80847877263204
538623.0341713695,2.656613917498562,237.3229066126682
1081426.8082366667,65.61635896140885,372.57900991533745
696904.260356134,30.42848086923746,292.5366022539088
130939.11763361629,95.96402774748253,264.7689942100846
113427.05426133164,95.14181744470382,242.0479323136477
508019.30424189125,2.842170943040401e-14,225.3928357871854
591825.845639134,44.2420851229088,359.25693327811535
135026.30907036274,88.89327442810553,262.3235146431964
556546.5073107716,18.470826190008964,287.8280755524504
538692.4701860303,8.035029779093538,255.0878988338514
541019.0220479383,31.406978490807624,273.03349562007946
470267.0663705082,0.0,216.85641940475458
109216.5147135561,74.74180816018965,222.52684724769395
118400.70853126481,90.64514332625139,246.87010523402444
106034.3233921597,80.29225611471347,225.0561024628408
537231.3196654901,2.842170943040401e-14,231.7825100531725
514064.45864174864,18.66738713157324,251.6658473960911
686333.3982013168,15.752809538502207,269.3820238518539
599029.4238671678,7.7431193335381625,253.74317696427963
502569.3649975835,0.0,224.1805890342836
214073.69153228204,101.37993939283874,226.1385119141132
115519.29892925994,89.74661340304313,242.75029427871374
553894.2254032021,21.992326016138918,292.87886220159237
720920.5775659836,20.63816465679381,278.0243753582461
512415.9171107395,24.328461507256325,250.2201961763304
548742.7130230133,12.60252202716475,271.6433647110731
190054.4257328406,50.9501703490751,230.00000000559837
1383234.1237320523,69.9371171390927,402.9891784668162
749935.7637567082,48.72608025683728,343.2260351085628
559431.7839328285,7.16323908857634,251.8468905982689
553058.6431637405,14.814479455918471,278.80178571819334
435189.9987489325,0.0,208.61207988727128
105151.15736996332,83.03648874936187,226.23988927898242
105952.00614642391,90.25640520256019,230.00000000559837
657106.5856192997,20.407190547762546,281.68665648812794
114270.36058884344,78.98434743796662,230.00000000559837
993273.7854703772,38.90765521241994,343.63505162728734
543977.6579627258,3.564202226381706,240.81644004607452
497914.56108588504,0.0,223.1399921766345
1189973.8928056033,55.253108134767594,368.13277034251735
528834.4984394269,0.0,229.96401858539238
1267502.1958694637,63.341115190713296,420.60887760590924
108775.54114925307,84.28567418062335,230.00000000559837
565820.759112306,26.39403245134461,312.19417462939015
119434.47387862296,86.77586487289685,244.69322352964736
512511.8896009103,0.0,226.38725441175134
273155.7062312635,99.94579620165868,252.86523714638855
556419.8082452542,27.165230184827223,266.5070479971684
105811.15424158075,91.52768154123541,230.00000000559837
622232.0609521809,37.19736951068626,300.0247427633017
428597.291310263,0.0,207.02591415334047
1352112.822713319,93.8580012511842,482.78834335551875
937652.4356520168,38.77712312845972,323.1344722973325
1118427.222376836,58.84633383637348,426.7192657773968
294418.473839966,38.38972782068883,246.94757714948017
203567.2684662309,99.31616961287628,248.14377283705025
541604.6890062692,9.027149600607085,259.32226518407236
143286.94418977795,84.53767888168431,263.6937053684503
463739.48064276937,0.0,215.3461122571683
504741.7739601407,5.907911511732765,230.00000000559837
596431.9792088366,10.42922507601182,256.1397698286908
508743.06431841705,0.0,225.55333389653478
257386.58130630202,51.49117906248901,230.00000000559837
817742.7736535193,39.46192970188125,344.38884837845035
1010410.4739175243,44.744948744996876,353.9891642407809
1150241.7403078063,52.52970215635889,361.3242553964956
131374.83066713915,87.56173280039474,227.16973492587317
105871.8671623268,85.91214775475939,228.4484033117356
331311.37108947936,24.84177324120449,230.00000000559837
1406940.028187064,69.3158410166707,403.28960254727514
866440.349966702,43.23640242416165,363.27000194240696
289467.51823182567,31.39182922854331,230.00000000559837
210243.79031543882,108.88025387394445,243.6857830266476
652333.8002541031,35.78991529627771,298.73249310371904
116111.82929161585,91.34900224562614,244.52035869564878
538164.439869988,5.996088843166876,249.87812888701774
490652.7465469276,17.007647830711985,230.00000000559837
686505.7542782784,16.38455909098267,269.6920341366227
543339.2003216238,14.31401063860266,263.2899156052052
105800.00001239328,91.99961940273968,230.00000000559837
105945.62461082813,90.29339749621968,230.00000000559837
159312.18869240233,101.1137234518409,230.00000000559837
102629.29616146443,87.72991325518592,226.11939556088782
503460.13527966716,6.223469669193639,230.00000000559837
1401598.8204875337,70.61521304074456,402.9669240086737
1166838.5378071468,65.93108953147066,378.0875216363284
541590.8068829278,9.983357590546623,253.3174906208067
543421.8670689098,14.169893655073032,269.9203694582827
108121.17678990826,85.1865180953759,230.00000000559837
311349.58455776237,32.74129120940745,241.92767176032888
104780.78236888787,82.29268806149523,225.4622332076185
248482.5700926569,54.97774928371437,263.1068253972343
616699.0264869751,17.309350797939352,267.8387515593416
541337.2061614015,9.486359442018264,260.2190958521653
473663.6791520663,0.0,217.63815822416487
525541.2750350955,0.0,229.24687021529772
467256.60147128685,0.0,216.16119019641033
428778.89456970093,2.842170943040401e-14,207.06976953908577
554302.3036953298,37.13487689219458,332.76152145438556
1423730.361350683,74.8646675776206,456.85750312228055
839577.1155088304,29.14265272616016,302.85663182099876
110828.07541406396,81.97196389449275,230.00000000559837
115569.72152051819,88.18589453846754,241.6170371568784
507086.7836716536,5.331166977901869,230.00000000559837
547087.3705605315,29.75665319125013,269.59985899821413
241099.558043753,109.42852790868011,263.4771898278586
563602.043914127,15.32249626785757,254.1915439191728
104593.82775431302,87.1791228475316,227.8295774062362
493017.6779791325,13.572243298093928,230.00000000559837
122021.5002416538,96.39001029440008,254.3680009884815
272394.1613907798,104.19816408329048,230.00000000559837
550844.3671316677,5.173460304556009,245.73761763202484
103405.91395704482,83.59043341962149,225.0879548028447
619412.5765484596,0.0,248.8800065389865
528887.3107569497,31.410534714685344,267.6422476181785
1105461.1237219656,49.39739203289085,353.4934800878255
428409.1694142306,46.83351917443343,230.00000000559837
502169.9913019176,0.0,224.0914972286806
121714.78421607811,95.38054534972845,253.61399633811666
104917.29841547018,84.7069005977511,227.00260941958106
525577.3809890536,23.801093370590195,258.41556694070914
236882.57012633866,71.957132272601,253.5459820827317
720116.4551718109,35.61436953732158,327.8116515864633
111113.17399105271,78.32518927124906,227.19456416206765
529455.2097922561,0.177331720734433,230.45032792028232
380814.77511063416,38.739008959619724,230.00000000559837
146731.22408087345,60.423826020141725,225.83376377500286
146367.50216477923,76.31987973527042,252.19725050810825
105802.60162146289,91.77189404824377,230.00000000559837
543434.8807223751,10.558340730852597,264.02041935518224
106771.7526458498,87.59147952321393,230.00000000559837
446887.05962830613,2.842170943040401e-14,211.3970339499365
397053.11304141197,14.16321839859229,227.08436632135468
539483.1315703513,18.6955087589623,253.27092536161115
200465.60997401504,48.4877925268964,230.00000000559837
610452.7122190406,19.41013156200063,265.6597466673841
104429.84892898156,82.55229444430064,225.3383300548251
801297.2306319964,39.609229238002925,319.03153017591904
512724.1743775941,3.94870265288148,230.00000000559837
165200.92341696037,57.53235621511346,230.00000000559837
159897.1387169224,99.40639848270409,230.00000000559837
558298.5990383697,24.573470038587093,263.53734177029287
515693.5612768855,2.842170943040401e-14,227.08887275181175
514668.19294193765,3.473499050672955,230.00000000559837
598516.620042071,8.537681701685893,254.58986001779923
520502.14326762897,19.20856735251117,250.91407642198968
693926.5559427394,37.77108353816033,306.0861648270254
566476.5220968217,22.47156206281883,304.2007809670721
197361.95602635486,49.20702019919119,230.00000000559837
448652.32884075854,2.842170943040401e-14,211.81414703479052
137804.11724750785,62.68383359600858,224.62062045013784
572661.7642234898,15.421552589159063,255.98689760461437
551455.6005212908,7.556356973731482,250.69995404973432
101376.73997547614,88.5912784661532,225.02876239606405
502115.4603118058,6.554777680042648,230.00000000559837
207766.40345486117,64.13815768693286,265.4078986861684
363278.6963092969,100.03827187671183,230.00000000559837
542822.3685466195,3.291886692417647,239.98570483967262
511943.82094268437,0.0,226.2617557040262
102759.1050939325,90.1854256083585,226.65799324592945
977623.5549285682,40.04723055739168,330.11807639907755
108490.81273356918,84.66404372044666,230.00000000559837
502567.49288027815,0.0,224.18017148719423
430625.02901001053,11.399127921987008,230.00000000559837
120944.99975462466,93.54153237174674,251.7750578596381
552716.5876308313,20.34591115145039,289.62757010368546
601414.3393894067,2.842170943040401e-14,245.23750516375074
509911.66508841614,4.637644152828991,230.00000000559837
106353.6825877935,88.67229033148074,230.00000000559837
101671.37079197043,87.99612481479161,225.2245469228912
532072.6038239149,1.4750947140417496,234.8482272591463
131003.84635310856,67.9614035020194,228.0185846995801
650484.0702520643,30.62294898115571,297.71502279215196
316953.8335397895,103.83210587751387,248.85314756880615
613521.270789989,31.579091846330485,327.46882278051106
1252067.744565484,60.23395635438052,378.7982724251711
556877.2461107088,6.573990692405414,250.0351891838844
107248.68432233033,86.61727891122999,230.00000000559837
139363.3864361901,94.98497981710679,245.2330889491419
598703.0211216006,8.295111801444337,254.34764775416588
514939.4563074411,0.0,226.92277459687494
532854.9406836246,2.4206782469170074,237.29510730214298
278862.1818341717,47.41033744267035,252.0476364717957
551859.8072257424,16.5076072161749,282.6853200267866
506819.09488138993,5.3969592730989815,230.00000000559837
550937.7343525935,28.724781335064293,268.0000394977308
592628.1034986385,20.374871666769078,265.33415219449114
502888.40338249167,2.842170943040401e-14,224.25173430377114
101059.97297427295,89.5673727810382,224.7821226009582
899426.8342862158,37.15183830653716,341.5812393352034
937111.2652490702,39.26234352722715,323.2256297262994
120337.92554337176,93.0449926971093,250.75372165522018
1081649.6950077654,76.79072960458143,399.39735397376563
935646.5948807386,47.26214066976725,377.3271005910122
103856.27419463478,87.5535923324048,227.26076449548418
517929.7729275336,2.842170943040401e-14,227.58070500979068
514400.6574150831,2.842170943040401e-14,226.8040249676101
104626.34218943337,84.67511196515835,226.73279648184348
109057.79660524525,87.1623207298385,226.72777077620725
281696.4442977786,68.80062072261356,253.74522945704533
751099.7482984682,59.17933165204678,346.6310264656583
114408.34300952143,95.50028320084292,243.54286167716305
563505.1388363738,8.098152983373039,254.72527915490653
558089.4202393452,26.666038499092597,266.2482768378899
1057931.4491647752,45.995032456152046,344.9875811459785
148725.71622854078,61.1034767054865,227.74811484742938
517330.862635369,2.842170943040401e-14,227.44908499164578
432752.8206731774,11.135567688888262,230.00000000559837
564228.3524708073,8.263543300496742,255.23494779860425
524743.4101305191,27.096188369079513,262.6075320635733
522614.6990701331,20.722227206750265,253.27666950549133
121104.77658925267,86.55369389413592,246.2452204389044
557783.6637078859,9.022347516695342,258.4786941116803
350042.1631386647,22.108346261107396,230.00000000559837
129745.28004342012,68.67672963904779,228.22718931283745
506925.8957887325,0.0,225.1501489648036
518274.4687466377,2.842170943040401e-14,227.65642287153634
510484.7338253163,4.497136240575408,230.00000000559837
464782.81853098085,2.842170943040401e-14,215.58822289980984
514499.84510665823,3.5146167656965046,230.00000000559837
514191.8674151592,0.0,226.75799157144587
279492.45777262165,43.52335106673501,251.26838444542327
515369.5035767758,0.0,227.01751112563448
589458.6883279113,14.58596660047224,258.47686091303603
115031.21589852017,90.19798080963638,242.45045868281926
221115.77149865517,60.50944178491547,263.8566865822435
584099.6949993926,17.138938226226838,260.36606131245924
395889.95315847686,15.830458431697332,230.00000000559837
105818.87660222038,91.38556372287617,230.00000000559837
578556.2667874504,31.941069946153796,331.94684522497465
803245.7121764984,26.10552164440916,295.26380411662126
509155.5887824624,4.823120531657249,230.00000000559837
933923.3193248515,36.69524616635081,321.7381154214754
392980.84152525745,65.5538032865301,230.00000000559837
126362.3329080942,95.98080034143003,259.5864079608905
594153.04740427,11.968463381595603,257.0954820653721
516854.026420483,2.9402332275873704,230.00000000559837
998377.9449335141,51.218396588632785,391.90860630704265
545941.6398965417,4.0261068187259434,242.2269351716779
254600.30090271117,106.76029927882263,225.34473581316445
197013.6133640909,79.23467256203786,226.1387212495386
614974.5839668895,56.88667814765595,392.03160227570146
574299.4937911248,21.165569248205685,263.04594635215267
354291.2055491547,33.52383392516727,251.27982847083598
488226.20114871336,9.98247603129899,230.00000000559837
511382.29213290155,4.277200856386809,230.00000000559837
389601.6102265971,20.834057691484652,230.00000000559837
105957.82476618682,90.22334718845526,230.00000000559837
563399.0235424897,24.998786192064518,265.33698619868153
282308.421028969,103.36219139964074,226.44136188380546
517342.8143384476,19.706416661018462,251.13341454872287
533485.05904992,3.163374265028628,240.4003472402959
814123.7805110953,52.24516306331233,332.7497458914676
779400.1137354653,63.825485221592416,369.27862728904245
443510.3757851033,2.842170943040401e-14,210.59686032443676
563429.0515373725,21.25533288450784,299.91805312660114
1427006.3317224754,73.99247066901364,452.5842029783541
554739.948299229,27.65578877567604,266.75299481334895
104450.52818376356,86.12058730626805,227.27114154328956
490878.38480002794,9.32818832336844,230.00000000559837
571963.8313592223,11.433247896383632,260.6741500695131
153613.67530870487,97.2471322269938,225.38729985141003
657577.3418413668,14.198764698786045,263.13869430200157
541253.85524491,7.904474862879581,256.2066761672257
502911.2258784068,39.884928725871646,266.00761470270965
105968.82453656198,90.16247704232029,230.00000000559837
154207.51316944257,102.32280605400933,248.3324271871715
977841.4132975242,41.42998403494379,330.6628872395829
313195.4142630951,97.46067951984966,225.72452966084066
274630.5220743738,103.29467870165821,246.51341424178162
552680.2605799134,20.151275547469897,289.362131328027
537370.6385250317,8.04893187863695,246.99062098743988
122365.85732335287,96.45996456284348,254.83811483591776
860259.9327931488,75.57295399375076,398.06710333733116
515488.80257999455,0.0,227.04378489181212
508317.54821958084,5.0288295994883,230.00000000559837
293036.07122340525,98.58239276186202,230.00000000559837
538984.473286371,24.093672687437877,259.3223055326714
162946.00637915454,77.4994730835794,266.50041321629277
516319.05157650664,0.0,227.22655029210532
953428.7247119925,82.67373029282388,398.7570452971775
218454.06554156725,97.19682916157515,227.69279692760858
459893.8355697361,2.842170943040401e-14,214.45135475667578
273162.93709613034,89.10208316135389,226.824631792214
550152.5037233338,13.608420673012263,274.85692568622414
555594.3338142607,27.407736208637736,266.629767792508
515923.6568832029,3.167070578061012,230.00000000559837
607115.5774326534,0.0,246.39715449506585
587516.7237997544,25.875145483989773,270.50197657642445
168516.3470196893,65.34063248804472,248.09341755074007
370271.68886951945,75.44066106299174,226.4069270644527
535339.6714145369,6.412464192780527,248.1939245669269
813389.2974988496,34.15191156215369,305.41640602475456
150490.14188848695,93.98757119565198,227.8720909559763
522044.2276231212,24.94774955972459,262.29343272264424
552815.0396578885,5.6323290388054055,247.1442784662078
511808.79864951555,2.842170943040401e-14,226.23191610591013
644269.923871611,37.71343041506404,320.2987730304003
608355.9638985144,10.48146395750167,251.66665452578937
291651.8206593471,102.91835594319429,230.00000000559837
1366468.3547221008,68.58088746471756,397.53071868374934
133426.57999029433,64.96089831433876,225.43483076132128
557751.9814442226,26.767875545234425,266.30168928165375
535822.4693164341,1.8026350461585172,235.0151982353002
558484.2167743713,24.05365269088124,301.11311430123726
563314.2839058699,25.02637155358753,265.35255484587384
560741.5096026303,20.688200286949886,297.322941684211
343574.62292933883,45.68823103043751,241.83725348648616
107656.45504852722,85.90663468678892,230.00000000559837
106869.86164076715,84.40547398745896,228.49932309963634
220718.7213886,85.45492330874366,224.65886217452066
498500.88734999474,7.446289417400013,230.00000000559837
179877.9375995798,53.508978297319814,230.00000000559837
221563.40973873914,69.19805055532133,261.4924535729633
289816.2901721602,50.1518041759199,266.9687742033678
1329518.533909445,62.28350512403491,407.379257184542
552230.876450473,10.353690663316478,263.4411692958128
514233.01894978614,3.579800457183598,230.00000000559837
568147.5437106924,18.68984129507783,272.1623724577179
560808.5922563304,25.82759746634923,265.79798598281735
185340.69491993944,50.08049807742415,226.75488701973586
124185.18140694375,72.82440019321473,230.00000000559837
560227.7897556835,17.517818371044044,255.91360404723557
598018.3859773492,9.08418732146764,255.0931973849447
445280.2420092445,2.842170943040401e-14,211.0166443694062
598457.5654641255,8.608901412746256,254.65862679992398
577868.5521008649,11.349016869928024,264.7655295234809
581457.7327017287,36.57304753931501,341.2981599666194
553283.7891676212,21.89251133689094,291.8976762088705
291381.09412682214,59.669739947957616,228.08085880141178
295920.463595371,43.394026253109956,254.9000560679831
546258.4563474526,29.974157972542333,269.976449845458
453481.1920393901,0.0,212.95097840568616
111740.70141951324,80.39069233176903,226.3062517932022
552276.2503926789,20.845803215382546,289.5160213821196
551536.4004875362,11.71353364658767,251.42220370456187
570508.3816597424,9.692093144708657,259.64255023503466
252959.7054819521,37.74878702468434,230.00000000559837
572274.9337691879,34.24274031416535,327.7703959952283
581522.2295867198,13.772658298317955,256.29332654828164
432241.98580855224,61.30878350203406,252.99178933191428
115036.52432421762,91.7763511454032,243.370747739342
558595.3815604876,25.419502845968523,302.48431752994884
724462.1667438466,19.235081400948925,278.0877035079707
945681.5181104017,37.67789919171136,343.1224453322475
516472.5601358353,0.0,227.26032652793478
492532.33067784895,8.91989561952295,230.00000000559837
514756.6951427598,0.0,226.88250156033627
587443.9253675931,8.138049016694517,251.69321419876667
489498.1709168305,9.668768969345122,230.00000000559837
104288.39536441395,88.6545523003145,227.9964786978556
567502.0270480979,30.43580590416019,318.7644841579887
507474.14784060133,0.0,225.2718686033836
173184.2108812051,55.289181194684915,230.00000000559837
546440.6220365893,13.647302336749746,272.74531982341756
162944.77268914785,55.762800565668286,226.3515012670999
937458.6346452415,38.51627333886294,323.0053344385799
585453.788882664,16.52397630198978,259.9270499518932
515738.02675046964,0.0,227.09866286494724
107441.54779366463,86.27016965830397,230.00000000559837
522870.85012334003,0.0,228.66369412815408
538090.9182785718,8.584186218385046,255.3905956055846
550014.9691843708,4.979937814392881,245.1448061955456
678703.5518819228,15.04237963094821,267.6059490829689
502520.65493397287,2.842170943040401e-14,224.16972474756105
587043.8633341135,0.0,242.28988079036927
591270.1873696132,2.842170943040401e-14,243.16047938956143
194743.02414155714,60.46664315483414,252.2564691237768
123026.539442445,94.52267567930895,254.83761893555348
175275.90524232443,54.7237595165965,230.00000000559837
119256.92127485336,94.42005672838162,250.06860188128317
293927.0165983343,44.93306973733013,251.38949558504868
540006.7748625793,5.390251124400027,247.7392765519511
199983.77201554805,105.95872922854007,223.42669414990525
551772.3540608191,8.09533726497897,255.2241729863924
615011.5415635183,0.0,247.99426234562733
640598.5613191936,29.917500332301888,287.9673867234542
522688.60232423525,5.684341886080802e-14,228.6238400351624
600240.571638489,22.215916693423157,268.60924175205065
589809.0399805381,17.68499966257368,261.7549467500011
1371162.8406041346,72.99533113883044,453.6466259120681
583256.2510727679,33.31791270670865,337.6539552514849
516057.57895740226,3.134405543338879,230.00000000559837
107321.0605734898,86.4844572939661,230.00000000559837
568946.1417251454,9.337998091255239,258.5491784911936
536404.7041115941,7.701905460296236,248.62768006060284
555164.3002516556,10.962679638361276,266.1696521931214
539679.6747017674,31.98744491973429,274.68456227531925
504987.8344473645,5.8473543047654655,230.00000000559837
123495.31087721245,96.93172191583605,256.4463445039193
212844.28892095134,57.047963165734764,253.6089389839298
528112.0220238757,1.4717220934009168,232.369274449432
560368.9945856838,7.3788564141183866,252.5103148570699
482243.1205993973,0.0,219.60034621999057
550489.7669529892,5.090750665538786,245.4842238329074
586137.4729249272,16.206536407409242,259.6967449630154
565732.7860265024,5.684341886080802e-14,237.85137923217985
526698.6164270348,11.667107974037776,248.56312039882047
550294.9147459762,11.431478338754943,268.3396709841771
550159.4212755739,13.003163977049963,273.18646953689256
164153.26956483186,57.8376612182271,230.00000000559837
188744.1881750315,51.27060320585136,230.00000000559837
606265.3911224137,21.779015584299863,269.4747595927359
544772.1718626174,0.0,233.40355007210525
106389.55435149994,88.5661847877892,230.00000000559837
1348508.4831348292,63.214031321851266,407.9479515854614
554024.9950971282,5.913404263955689,248.0066001583523
127645.08349740034,100.58954294067705,262.589787451264
300246.7733477623,27.12476299890011,225.38959894107592
541782.2118019986,31.173955525841865,272.4469679122983
517648.07789998536,23.888994200901564,257.1723228728558
318342.93480787094,105.154820416198,230.00000000559837
356448.48977259896,97.19167689106955,225.4867870886491
124806.38045167435,92.00908167077593,255.2211224285952
293098.06222107593,28.550600797802097,225.90484319196355
840449.8484610827,31.12549848473949,303.79215126476015
504589.08430155355,5.945493923758037,230.00000000559837
732709.9532427331,21.74264110878845,280.6828341743429
566879.8327130389,12.30695958283484,251.4571640231824
568243.2623940906,23.36700213693472,264.3915244035836
549504.337700852,16.622987251710086,280.84852101637904
386389.78928145475,29.060790591972363,230.00000000559837
568119.2373591766,9.150231499352515,257.9696166615322
1617410.1516979805,82.7992489982271,467.1599989896746
155986.9323227061,85.16474500524276,227.30900760565294
105803.79473595305,91.72451022738099,230.00000000559837
204701.86054172413,106.7398158979054,230.00000000559837
589988.3242346745,12.571220149278673,255.1424403041557
503024.27258275484,6.330835379247515,230.00000000559837
552859.0142823518,5.64255326054592,247.17563677520147
500623.2777679697,14.789426909426707,242.25309918901303
1164444.9769172682,54.18674776417481,364.0032936803452
529131.2995250744,1.252158675794345,232.11596480956834
935142.2953941119,36.789929370282756,321.97482343130525
672323.98156215,32.11355731724984,291.0142061890919
564176.8374467636,24.7440703645702,265.19254094637495
108233.54013030365,76.9487531410196,223.91352875599003
576917.6663396145,2.842170943040401e-14,240.19110440222687
578866.3611230049,11.57221173328537,265.45640242351374
550022.9212117781,6.989836303939597,251.1005538782436
447451.6226833653,26.885705463309446,254.5624605910547
453468.9330239861,2.842170943040401e-14,212.94810002063556
530934.6543157205,32.16352643590903,268.6363804352866
310956.7782139567,54.3526185144945,230.00000000559837
218662.68654694836,103.01739087174714,259.20475287537477
543381.8762493677,3.4238251802572295,240.38812313275574
279665.23924014444,30.14868046462056,224.78924823757208
503850.8275141137,0.0,224.4662173945366
333561.97152487206,22.021106440957617,225.08388037426033
531126.7315339237,32.20811675342862,267.8615022169379
370891.2359271224,62.251159687078946,256.9955608548866
837621.4547562072,28.98111048622135,302.45277622115174
105308.61650637859,83.96255267860195,226.92638837995563
496163.5649131677,8.023270095976027,230.00000000559837
429238.58450522047,38.2847355524352,230.00000000559837
516346.70016316464,0.0,227.23263413584868
107390.26856019306,86.36037491710726,230.00000000559837
1571112.1239715447,76.6778392934769,442.36462102287754
499358.4506552339,0.0,223.46329690918682
578926.0440813969,19.3465037629299,261.87332341842637
551033.4125623198,6.167463987767035,250.34866402363878
1470210.2119796313,73.19141696453173,412.97854241692767
539567.205249524,32.11417815742446,275.07410206242486
555985.1636064048,6.200537436928332,247.02619590123908
800120.8661619901,31.89293254039517,322.45163831361845
111520.44792429039,76.47933160387733,225.7800654865711
255069.29909598024,109.14843861656999,225.73981161287224
435482.90837184456,60.65302777046847,230.00000000559837
571136.3196516834,13.169483280669882,258.73816857565794
1119544.6039564798,51.64581546658087,384.7272228173491
495578.8233951407,8.167649719203864,230.00000000559837
302591.2009413509,102.04875793604492,252.4268133431324
542919.8653191692,3.3148851148350027,240.05584044539447
517555.76600833976,0.0,227.49851999701883
779167.9584235686,23.444774238582205,302.1953505642093
105820.35680247107,91.36192794799182,230.00000000559837
107109.21947457739,86.88293156527881,230.00000000559837
700397.6554146447,35.294407572422934,325.0193927767428
478007.9526105548,0.0,218.63392980289103
595305.040387395,11.225832399556774,256.66143633500656
1394072.5570225287,69.61486920884175,401.6330412450816
524954.1731080035,18.79517424797571,253.57404733336176
100495.94779017995,89.28229991348489,224.1525993572906
421142.4982253896,91.92502990103333,252.30793398543207
536321.7023273323,32.39861619272115,271.2997874977424
277424.5550768754,84.3662032450961,227.3530067643692
552208.0176685743,5.491126820309783,246.71127312550615
537004.7738777112,6.27897173862173,248.01233339273713
490799.2469630833,9.347720343444056,230.00000000559837
107739.45771271193,85.77190606017096,230.00000000559837
111667.51513313779,76.52221163422972,225.92173551253123
103235.87033117647,88.00409196976018,226.79072847694619
1203291.8239590554,56.15477204064187,370.38693010720306
392841.34976016585,67.10180806652674,230.00000000559837
1011306.2469743846,42.5738642485307,336.4346606269251
560502.7193086616,7.4095966955264165,252.6049190558014
509888.61526524613,18.15324042342346,248.78286981700626
563301.9967597313,8.051664200816376,254.58204340320245
1209899.3302431747,58.04479329223639,403.5160171856242
544171.9810177033,2.842170943040401e-14,233.27494100689498
1129985.902940365,51.12134033072529,357.8033508324116
209736.59595231857,44.53443078456966,226.874318899124
322460.05837635905,24.902642619995312,227.6419075318479
559851.3575665181,26.12639663697015,265.96048349059896
567158.931219728,23.741792819713204,264.6127546644544
233363.91386897297,73.24723783854809,256.70585588141523
530049.0497140452,0.507230715279657,231.73009542780255
1045802.0730324226,46.314233268393984,343.21211050244307
1376171.7640614547,67.39709934754833,398.4927483744692
206680.39101234433,44.05753345052197,224.96159717306278
570725.9570985293,9.74134155868083,259.79466157621545
1253408.841458367,99.58380559397247,463.73824691826024
544312.4905647009,6.86459121720693,250.67112117629
1088399.3240301602,48.18554304874789,350.4638576274681
545226.2336004465,5.285765258759654,243.9690074400916
1364372.201609178,67.69405078629798,396.9650993705536
550073.5017329771,2.842170943040401e-14,234.53645808977697
497911.0912920725,7.591857580105075,230.00000000559837
712889.0013237825,22.84961636434165,294.3735988870557
616691.5458518269,21.38186166785526,274.9680128938091
102980.31857126621,88.0492628303073,226.5500783836586
136960.85924097066,87.15351171983137,261.95377377761537
466093.63562981365,0.0,215.89201829382523
399728.2234679642,60.012286456689246,230.00000000559837
1091583.863510037,62.04524743790571,367.27068505861473
574891.1547415045,10.680989183590825,262.6988052953088
567548.7438009691,25.029409859469652,310.89249677932406
117882.59104685063,86.72754327688509,242.947047294889
109483.72662822428,83.41661299817879,230.00000000559837
1346281.0652313458,72.69134576458445,474.89305665799134
440726.0263591623,48.39904864835999,230.00000000559837
592741.3464010776,12.811630787527507,257.5351928430904
367230.0523671428,29.79756435172357,243.45197685696579
121203.77123313576,96.07673283595336,253.20063888993445
637315.9459355614,11.103437955028689,257.7585948931701
151715.18550749423,99.87833226457658,230.00000000559837
556077.616723065,27.266100466717802,266.558349097052
300027.21425108745,28.410011927923538,227.687202235324
105817.1848451203,91.41374340364453,230.00000000559837
1126258.8615251265,52.77217271395853,357.8087529619669
556655.9127440893,6.522830036511309,249.87798575473818
287505.16268162034,29.41651936452067,225.8216151546125
582100.9921024276,12.293412000458186,267.68995375126946
563868.628269549,8.181301338848666,254.9814930621607
399529.2576264839,88.98670272045041,225.61680535881226
158941.53061472825,102.70741665905821,230.00000000559837
109848.57874874552,83.00157931459083,230.00000000559837
104919.34283141418,84.1917137964727,226.7245761174152
341365.0479202215,33.66162019305921,249.51591796375462
505913.35621686,0.0,224.9251778296196
539466.9906460224,10.7572174704214,260.1875169653388
986422.2207114352,41.4317460710055,332.04469034712145
489673.7694746577,9.625447506342994,230.00000000559837
674940.5924829181,29.55621476805839,299.79389981552515
512137.00048411783,0.0,226.30444107089852
631745.4472265402,14.338138769012357,267.87502879217277
102531.25940588719,84.22245494231626,224.65615452552467
803218.2487223764,75.42125444293661,394.06164509674744
397724.04665859306,61.58505076420691,230.00000000559837
555126.922433886,24.853995179690394,263.16336236509426
317889.40968375007,107.25761867734506,230.00000000559837
479197.6789051604,2.842170943040401e-14,218.9058425225696
579283.2153765664,11.665354893967866,265.74476728547165
770297.3086325717,55.16349749792362,339.2930332600384
547271.5468562177,4.338144668233042,243.1807429206703
1129210.6890243147,51.06716527471471,357.66791319238513
665962.7665741257,39.852586599264434,328.15408975346406
286366.4417327287,29.089208643630343,224.88313261877198
124087.87852256735,95.79068170478115,256.75469230812575
571876.9738426247,20.219932673977013,279.4061887248523
572086.3606972741,13.486454017520863,260.68307883238276
515390.0334502528,0.0,227.0220327303614
540172.9932590503,7.029468552537456,253.3965652344352
544788.6540390396,15.219347746146035,273.060472140786
178175.70756401285,51.656759176754576,226.39540161727817
144544.9075290543,61.89719973926256,226.86344147146917
188557.7538289521,51.316402859459174,230.00000000559837
565359.1303493743,29.69170600567836,270.48133955183005
578559.4157366089,11.503588953846451,265.2439702470821
487534.9852125888,22.530547057585444,233.2126533995071
120003.63238931334,97.6289191329182,251.8426788352999
504291.18925141427,6.018826159095019,230.00000000559837
515142.990495904,3.357568745982358,230.00000000559837
505841.322769852,5.637375024565916,230.00000000559837
635148.1965369997,0.0,252.02146665254523
108357.52576807167,84.84804116158433,230.00000000559837
833797.5296140293,91.66480311301503,426.589502386881
867275.0952319658,68.52304275467101,369.72715263204776
116871.70489305505,94.58637974848205,246.9403908724894
542194.0558668574,3.1435985060505063,239.53359673402414
637486.487602621,2.842170943040401e-14,252.48494759145962
491231.85437047394,9.240943384792402,230.00000000559837
495561.35269907786,8.171963564040595,230.00000000559837
516959.9376472122,2.914423967457669,230.00000000559837
598405.0409973527,5.684341886080802e-14,244.62318798457204
494944.48887667357,8.324281973080412,230.00000000559837
524291.930047434,27.010670858623644,265.3032423448658
361990.44849203544,56.96931480023966,228.04635558107353
553383.5550101,5.764459132499892,247.5495820118748
392075.07025110535,13.574057934123914,224.69115415689922
594633.9045359854,2.842170943040401e-14,243.8511645524756
144906.23902471835,64.03350611417113,230.00000000559837
540559.8022498282,31.563398759048752,273.4520784630129
109407.6505603834,84.27326947252999,224.74141538106636
106848.4851381652,87.42073121123198,230.00000000559837
513894.32163242885,31.10493572138742,268.21208280238295
127621.12008744931,94.59806564759143,260.2149537012612
592379.0092883799,10.12131575537589,255.11935855821835
570909.9464196404,22.42088820273359,263.82282910601606
266263.8098780623,105.60902064709288,230.00000000559837
107246.83979521274,82.67070079748679,227.71318374983662
313405.88183148665,38.49923833092969,251.14031727581556
227998.29938480826,40.05256635079682,225.69229514112965
264277.8029041959,33.637183722731585,226.32253675785353
590913.4485777086,11.601362485062422,256.366564818455
311193.531474204,27.907327805013328,230.00000000559837
514091.3735437508,2.842170943040401e-14,226.73583165078932
275333.9162246903,33.770468625189814,230.00000000559837
816386.0507951498,27.212923021231507,298.03230755867713
784426.3155412949,64.59778394985996,370.6023184475264
531077.5306823035,0.9103166177896539,233.00907913846902
510760.7244289924,0.0,226.00016027184415
106827.21780291646,87.46741178408851,230.00000000559837
575880.6220539219,20.55839170518781,262.66089466557787
594067.700998282,42.1930927222236,360.4649258377491
543443.0148328069,5.873669656129464,249.27503835287146
212109.01216530908,102.64820739825251,225.59278434723336
577251.2864293037,11.210773146019731,264.3377012528275
819464.071208533,54.73126842283328,335.71328809256426
319653.3593287542,24.785507091601858,226.63319131623112
565219.1279343818,15.72500310267624,280.8376955702051
540884.409089383,7.435859635068102,254.7567122254927
289800.22888771293,42.68555136140006,230.00000000559837
510931.70826142986,0.0,226.03798536118433
510072.7044873677,2.842170943040401e-14,225.8478922831399
188645.1493732581,51.29492676361033,230.00000000559837
