4,5,6
262.6075320635733,189.6892561956525,231.8460180574123
230.00000000559837,15.35362166086155,230.00000000559837
250.04401498434902,11.120846836431808,234.78038565840478
327.7703959952283,185.46951794857694,230.00000000559837
230.00000000559837,53.57487941604102,53.57487941604102
262.5709119048939,230.00000000559837,244.15719962248914
246.1622605798017,101.42316658933704,120.75650423500298
211.0166443694062,211.0166443694062,211.0166443694062
230.00000000559837,213.70350659235584,225.7600567382753
224.32135314976387,103.65391770717544,103.65391770717544
230.00000000559837,10.955810183384141,158.05241651687587
287.8280755524504,213.35933051453424,230.00000000559837
230.00000000559837,87.2441647270902,87.2441647270902
226.7245761174152,16.245291626233453,16.245291626233453
227.30900760565294,35.685946092380554,35.685946092380554
228.08085880141178,102.05804270535931,139.3726135314835
260.57653908800586,230.00000000559837,237.33282236743247
238.32167020581315,229.7335649202425,230.00000000559837
215.3461122571683,215.3461122571683,215.3461122571683
343.1224453322475,235.8400676471718,317.3612284821593
226.5500783836586,6.426921307890342,6.426921307890342
226.6561112371386,226.6561112371386,226.6561112371386
227.39251820202196,148.7285258031894,148.7285258031894
241.55758350503703,19.329679629857324,21.128378770723877
256.9955608548866,89.764353632175,198.0915960018642
300.0247427633017,188.9178494254553,248.6466985564329
328.3545337978476,199.85879367008178,230.00000000559837
244.69798231758375,230.00000000559837,233.58887510164828
230.00000000559837,210.8973142216544,224.98374576752104
452.5842029783541,238.2261384194214,382.2245754831415
236.978682828242,230.00000000559837,230.00000000559837
249.07859774166687,201.70344894694736,225.86198183216405
258.83637529617715,10.99418226601944,14.176113172308836
226.7044143243759,135.39993269081052,135.39993269081052
228.08996941689873,228.08996941689873,228.08996941689873
226.52522064526252,56.89532583267956,56.89532583267956
230.00000000559837,136.85249038915023,136.85249038915023
252.78616073193092,233.3504008145593,246.25196577478613
245.61966569537893,141.73912710056467,167.09098030080057
230.00000000559837,135.62803244388752,135.62803244388752
227.6619112180564,19.77694344236477,19.77694344236477
228.08042755194285,228.08042755194285,228.08042755194285
226.23331701902293,147.6969650274621,147.6969650274621
230.00000000559837,204.80488179014637,223.22368059935616
321.24984798237415,226.67725762391086,226.67725762391086
265.45640242351374,230.00000000559837,238.46539483129308
227.4602049355187,44.81111613022142,44.81111613022142
257.64640374737024,13.46440608824925,17.34836830604059
255.0878988338514,222.92449141124447,230.00000000559837
266.1696521931214,230.00000000559837,230.00000000559837
252.99178933191428,81.03342224116909,222.94472938543316
252.0947013544678,205.54646744634218,238.32584746773978
251.8426788352999,0.7522928798061733,0.9678388189341365
370.93787199030504,237.5537591636952,321.56315585675804
230.00000000559837,17.033704767158596,17.033704767158596
224.99292621594216,19.84277378006363,19.84277378006363
256.77542959082183,230.00000000559837,236.44554891055668
261.7549467500011,206.66736863524687,246.4685528639566
302.1953505642093,234.95791327643443,287.08784538415824
363.9539913163214,241.8612030958883,272.207472734308
322.89477234298806,190.60902008682402,230.00000000559837
247.9620450120243,230.00000000559837,234.36741248246682
340.81439832030225,227.2376083579516,227.2376083579516
226.7535748320829,226.7535748320829,226.7535748320829
254.84138910340326,87.05472338610423,112.95692598639428
230.00000000559837,14.419846069991962,14.419846069991962
218.9058425225696,218.9058425225696,218.9058425225696
230.00000000559837,115.13373899503138,148.50350805532642
225.4867870886491,13.397160291974586,225.4867870886491
218.45152753639087,218.45152753639087,218.45152753639087
230.00000000559837,208.76857013532162,224.38166977315646
230.00000000559837,6.666018928403418,6.666018928403418
398.99368078173023,230.00000000559837,398.99368078173023
230.00000000559837,209.54595398540104,224.60297531667706
365.0852318457585,230.00000000559837,365.0852318457585
272.5145486191927,227.97274450549946,272.5145486191927
226.16109775482292,226.16109775482292,226.16109775482292
230.00000000559837,182.67863461749903,182.67863461749903
311.0317736011985,197.9398234118491,230.00000000559837
241.33358265058487,10.823939330884372,11.785556560152248
230.00000000559837,71.80639990412794,71.80639990412794
252.48494759145962,252.48494759145962,252.48494759145962
292.8108761852134,224.0646525955542,292.8108761852134
252.01032278598822,153.11495959997413,195.09899678441678
267.9206000229989,230.00000000559837,239.03485852185662
323.1344722973325,226.19166447618318,323.1344722973325
257.1723228728558,192.88784072959808,230.18110120898558
353.429026804467,230.00000000559837,353.429026804467
211.81414703479052,211.81414703479052,211.81414703479052
264.3377012528275,230.00000000559837,238.20634777778153
255.19017277029388,230.00000000559837,236.07403956332365
271.2707324313134,188.80410358841343,235.7942779871665
226.73583165078932,226.73583165078932,226.73583165078932
248.81840323880914,66.0569312486702,82.1967898014542
230.00000000559837,124.29536537179193,124.29536537179193
266.8267158103417,76.40983272317281,95.47194938411427
268.5420862417268,225.5910901583757,254.77365596424812
207.08134958426714,207.08134958426714,207.08134958426714
225.7800654865711,34.581736476877765,34.581736476877765
230.00000000559837,211.43764506844337,225.13467424887324
262.38752814504915,230.00000000559837,237.75393769167644
225.8478922831399,225.8478922831399,225.8478922831399
264.3915244035836,196.2959354790886,242.92088282918502
225.59040041709378,225.59040041709378,225.59040041709378
225.62442383398226,82.92285983667553,225.62442383398226
245.68843311817724,16.90646878256323,19.95574077582195
251.6658473960911,200.35945592693903,227.34218311303977
339.37907190220324,208.64477583657927,230.00000000559837
226.1316619039935,2.873602576092552,226.1316619039935
230.00000000559837,20.002703232260753,20.002703232260753
230.00000000559837,218.0512988080069,226.93038356022032
232.369274449432,226.257505803644,230.00000000559837
323.73503684363857,201.50084851222525,230.00000000559837
258.73816857565794,230.00000000559837,230.00000000559837
397.72127855349976,230.00000000559837,397.72127855349976
214.87898178734437,214.87898178734437,214.87898178734437
255.95313839914468,230.00000000559837,236.25295650150045
259.64255023503466,230.00000000559837,237.1152446884837
254.1915439191728,206.9464693665758,240.62435835822313
298.73249310371904,200.01191666342135,244.0070024739789
271.4775671307762,182.83809743783215,235.0399353288367
266.31035706035937,182.1450690828541,225.13845517496662
227.5423088332015,227.5423088332015,227.5423088332015
251.26983836270608,230.00000000559837,235.15116417223362
240.80341931141882,143.33006530489263,154.6554817018002
266.5070479971684,193.07222634676896,240.57217761423115
273.4520784630129,187.5095964115589,233.1983262264507
278.0243753582461,226.4289637162616,278.0243753582461
330.11807639907755,230.00000000559837,330.11807639907755
259.20475287537477,6.496643100190266,73.16919512962535
267.36173031319385,230.00000000559837,238.9058403241326
261.6971924927209,169.15649373536235,194.57148899589959
244.4327796620236,244.4327796620236,244.4327796620236
208.63915994560887,208.63915994560887,208.63915994560887
225.59862867937113,28.56853437276752,28.56853437276752
227.19456416206765,31.381590983945014,31.381590983945014
242.28988079036927,242.28988079036927,242.28988079036927
252.4268133431324,16.57954704937069,200.01585168953352
227.24482186090273,155.72636555379347,155.72636555379347
226.7173196497387,22.8276580656594,52.10325450726852
397.4744836017129,243.71602107108902,294.5668568531254
230.00000000559837,9.351765949935304,9.351765949935304
230.00000000559837,214.1569269777157,225.88383400437903
230.00000000559837,12.792671092401365,12.792671092401365
407.9479515854614,234.39012313650773,393.2493164615795
264.85118063646564,195.2956116734894,242.5534696328105
256.1457274321382,204.32521458830269,241.50199054445017
230.00000000559837,197.4224995315618,197.4224995315618
226.92638837995563,17.020006683450745,17.020006683450745
230.00000000559837,101.76268309657254,101.76268309657254
214.5050915833332,214.5050915833332,214.5050915833332
255.91360404723557,202.24526489304174,240.26558087422296
367.5065015044444,224.8110472600619,224.8110472600619
226.39540161727817,97.25350367539173,97.25350367539173
265.5360533380796,226.62995077454704,265.5360533380796
273.060472140786,209.6245073913688,230.00000000559837
230.00000000559837,15.233413288626084,15.233413288626084
225.90007684659983,165.46111410636703,165.46111410636703
225.69229514112965,125.5608792641376,125.5608792641376
260.1875169653388,215.3278147029339,230.00000000559837
268.40464418282113,190.93442426364322,238.62813447819173
337.6539552514849,211.41949766150177,230.00000000559837
230.00000000559837,2.427038614981523,2.427038614981523
250.84740973691396,10.359909407569537,13.226069137327435
299.79389981552515,217.56869564064206,254.00110924574403
230.00000000559837,219.0514899965979,227.19482668654564
356.32989750848037,242.56635717515076,264.910554145981
274.6258208007938,185.61514124194275,231.62569876947123
325.491846682465,187.55676679816662,230.00000000559837
230.00000000559837,8.934693614198414,8.934693614198414
230.00000000559837,71.26132431976644,230.00000000559837
268.18956016415314,230.00000000559837,239.0969223334579
216.85641940475458,216.85641940475458,216.85641940475458
274.9129691470664,185.220167987872,231.22059400142382
227.8295774062362,9.881770287407186,9.881770287407186
272.74531982341756,218.31351133798557,230.00000000559837
237.29402948144266,229.90374833181662,230.00000000559837
453.6466259120681,239.77820100844858,361.30374614399886
247.52561937378343,228.58603437182126,230.00000000559837
230.00000000559837,145.57382844262384,145.57382844262384
230.00000000559837,219.49468544814584,227.31148877225945
339.2930332600384,224.2851668595685,232.8685940812377
224.7821226009582,0.86369064836265,0.86369064836265
241.92767176032888,145.9961761133292,160.60739834659097
257.9696166615322,230.00000000559837,236.72482137918342
212.838673563681,212.838673563681,212.838673563681
260.33920451484744,15.682044507835004,78.41909942399761
240.96854771019576,165.80932528130165,179.41451196382758
329.8254932917753,204.52832480328635,230.00000000559837
227.8720909559763,17.374227988875013,17.374227988875013
226.61078947374997,226.61078947374997,226.61078947374997
230.00000000559837,9.601332508946943,230.00000000559837
230.30710011693893,215.42835593130752,230.00000000559837
225.39085219953918,225.39085219953918,225.39085219953918
230.00000000559837,201.47038536141434,222.20243535826802
246.40951531431472,230.00000000559837,233.9977813803814
230.00000000559837,14.324575859838449,14.324575859838449
265.1914215625564,13.490380034914066,16.96380881540657
357.8033508324116,230.00000000559837,357.8033508324116
236.09873748140615,229.2853794580998,230.00000000559837
241.26514986642533,229.81770758743053,230.00000000559837
240.4003472402959,229.02880547105582,230.00000000559837
253.56660370351108,12.404534114825061,16.082386765569595
253.57404733336176,203.2059131530005,230.58486896434823
230.00000000559837,20.345220645650702,20.345220645650702
260.9463177519067,223.74766607662988,249.22438104000548
259.40138242080127,230.00000000559837,235.72585470140956
256.29332654828164,212.93038012610043,243.9561672570403
266.4288439597684,179.81604142261514,230.00000000559837
230.00000000559837,78.3674305794272,230.00000000559837
234.8482272591463,229.75818720157477,230.00000000559837
226.48481840800073,226.48481840800073,226.48481840800073
224.0914972286806,224.0914972286806,224.0914972286806
216.6442694718003,216.6442694718003,216.6442694718003
237.4402494762559,237.4402494762559,237.4402494762559
269.3820238518539,230.00000000559837,269.3820238518539
266.558349097052,193.06221273855198,240.48474881326405
230.00000000559837,201.50218020063085,201.50218020063085
243.7233301405079,103.54874163541304,117.74932441145997
227.16973492587317,17.73737861658421,17.73737861658421
365.56785102940387,182.1116493681269,230.00000000559837
244.62318798457204,244.62318798457204,244.62318798457204
474.0665808116185,241.15663054111113,357.89873835174916
454.07128435501585,235.57723103444386,423.8599919160343
226.23988927898242,18.648667405577747,18.648667405577747
475.6317476909665,239.8733997237398,377.5119070622885
224.1792034783249,224.1792034783249,224.1792034783249
265.6773963477922,166.4290676050715,213.8498571519662
259.95847679422917,101.82948503073727,140.01527725889878
251.13341454872287,198.35820458567648,230.4714260901098
230.00000000559837,204.35042089842713,223.08732325124092
225.16162688786707,225.16162688786707,225.16162688786707
212.95097840568616,212.95097840568616,212.95097840568616
224.96847794718883,90.15843804403461,90.15843804403461
256.6760697950072,221.139186359162,246.215037245371
459.38284821387145,234.8668447444189,437.5079470748306
242.75029427871374,13.110459235205745,14.630268996452383
366.51138728238146,226.78532310698938,366.51138728238146
230.00000000559837,212.37049946298612,225.39357297200536
230.00000000559837,3.8084523861218167,3.8084523861218167
254.83811483591776,4.957811966805774,6.432978257053566
251.55165571346768,230.00000000559837,235.21771452454738
226.29265495763445,226.29265495763445,226.29265495763445
281.9045571616221,230.00000000559837,281.9045571616221
228.66369412815408,228.66369412815408,228.66369412815408
260.68307883238276,230.00000000559837,230.00000000559837
481.8799714467466,202.91916693966786,346.01902411458536
230.00000000559837,14.182143468927885,221.79091221568186
230.00000000559837,21.847903480014494,21.847903480014494
246.99062098743988,215.95603362247746,230.00000000559837
251.48374474464364,117.50543602685867,150.79334278296537
230.00000000559837,92.78674353263578,92.78674353263578
225.28704853818377,225.28704853818377,225.28704853818377
243.45197685696579,159.30512938193922,174.49209439972736
340.6148883620519,236.69340350591423,305.22370339894667
230.00000000559837,210.14845964634804,224.7733409637582
249.87798575473818,230.00000000559837,234.82197862274182
230.00000000559837,211.81361355841315,225.2392681478366
235.7192203017693,235.7192203017693,235.7192203017693
230.00000000559837,21.18006585532557,21.18006585532557
217.95056641558875,217.95056641558875,217.95056641558875
231.73009542780255,230.00000000559837,230.0238418310787
227.86920357369263,10.41985157632055,10.41985157632055
230.00000000559837,145.29484135565596,230.00000000559837
294.90234428268604,200.92278932430864,230.00000000559837
242.28700349756244,230.00000000559837,233.01015783222323
226.43429495138307,1.1369331882285123,1.1369331882285123
230.00000000559837,173.66752182922883,173.66752182922883
249.87812888701774,229.14805125864632,230.00000000559837
287.6811097296624,226.0565082953066,226.0565082953066
230.00000000559837,213.35101062855207,225.6635271478053
263.6937053684503,35.6826472709949,44.95720977669059
254.10287330963698,229.95559238456008,246.31450705692447
227.9964786978556,6.360097947069275,6.360097947069275
230.00000000559837,69.91623472017055,69.91623472017055
248.27632150798973,230.00000000559837,234.442093642925
264.45754271933566,196.14594980346442,242.87147017441254
227.11033203190746,227.11033203190746,227.11033203190746
224.1805890342836,224.1805890342836,224.1805890342836
264.0348369203773,197.1377199818002,243.17034456313206
265.33698619868153,194.37165671519406,242.0975143071321
253.65406075983276,230.00000000559837,235.71315433559187
280.8376955702051,219.4619471329185,231.84000207325184
325.0193927767428,219.24885233960106,251.87177737733776
230.00000000559837,206.4175357164066,223.70124362754387
214.45135475667578,214.45135475667578,214.45135475667578
370.0338471027399,230.00000000559837,370.0338471027399
344.2856285410225,226.99310630183965,344.2856285410225
266.8056475941806,193.102178196199,240.02589888666424
253.37415142694624,230.00000000559837,235.6472956279556
246.2452204389044,21.686878842544573,25.859502979613225
251.9722781868729,206.47078489902518,239.1422567958173
268.9500678666689,184.30352348566956,240.53876373624394
250.06860188128317,6.4931820748645235,8.220556561237224
228.49946601838542,2.758701897414634,228.49946601838542
259.32226518407236,225.57419282644554,230.00000000559837
230.00000000559837,208.05513565622618,224.17702021086194
259.2342593069138,210.79724058726362,245.65104256326032
250.01832207026834,250.01832207026834,250.01832207026834
230.00000000559837,218.45665975531304,227.03775579166194
399.6098956883887,224.59940513902362,399.6098956883887
230.00000000559837,19.51180474200919,19.51180474200919
227.27114154328956,11.969673277619417,11.969673277619417
257.3839377850563,217.9776988768973,246.14813074842004
230.00000000559837,30.83449698560694,30.83449698560694
378.7982724251711,228.2133815392198,378.7982724251711
230.00000000559837,116.13376982927652,173.06688491743745
255.1424403041557,230.00000000559837,242.57122015487704
224.65615452552467,14.100017169734004,14.100017169734004
371.14304591042054,230.00000000559837,371.14304591042054
230.00000000559837,211.25551752035582,225.08388247631493
330.6628872395829,227.08792715222344,330.6628872395829
230.00000000559837,215.13630718872125,226.14974341020314
301.11311430123726,201.51449371318833,230.00000000559837
245.7302622985771,159.4161303977171,181.22271457894448
230.00000000559837,215.03984764696847,226.12363951378296
218.34442192526075,218.34442192526075,218.34442192526075
305.41640602475456,227.2594188037568,305.41640602475456
226.14131358284428,226.14131358284428,226.14131358284428
256.1397698286908,223.27714793573543,246.20731869138595
299.91805312660114,223.65565060333168,230.00000000559837
245.9597015152993,60.93666491739264,72.28611535012587
223.8082960830564,7.2137531394906595,7.2137531394906595
253.9163631981099,218.75427049606745,230.00000000559837
251.23157619412416,221.45938172225746,230.00000000559837
230.00000000559837,2.4383358864871787,230.00000000559837
230.00000000559837,37.241943467810515,37.241943467810515
359.58176167388393,230.00000000559837,230.00000000559837
259.6014118852672,215.58798180297103,230.00000000559837
230.00000000559837,215.42176058385394,226.22688584537323
225.7755576826726,8.021373486328503,8.021373486328503
230.00000000559837,91.7770470188861,91.7770470188861
226.2603546463879,17.81175705313544,17.81175705313544
230.00000000559837,8.584538036125359,8.584538036125359
326.07631539760587,236.4939876033173,264.80924540732894
242.91204966058402,156.73271601424702,175.44816497446823
230.00000000559837,47.71202627151464,47.71202627151464
225.38959894107592,157.57769144382564,157.57769144382564
230.00000000559837,203.00897694985466,222.6798523532305
268.6363804352866,182.3252837746574,234.24242538048435
226.3515012670999,86.94449985292918,86.94449985292918
265.6777335944823,227.18381593389012,265.6777335944823
227.26032652793478,227.26032652793478,227.26032652793478
230.00000000559837,115.39763043351657,115.39763043351657
391.90860630704265,241.73342759020554,293.5385549918969
244.14972806565345,230.00000000559837,230.00000000559837
325.513809629589,230.00000000559837,325.513809629589
230.00000000559837,8.197301468577434,8.197301468577434
228.04635558107353,111.75822870059606,228.04635558107353
267.87502879217277,223.75635086963896,253.90115760388733
261.63880061215,191.53877693398235,229.09390059440227
225.67660039755197,20.26811656097427,20.26811656097427
397.53071868374934,226.07850002195542,397.53071868374934
230.00000000559837,16.55907911573185,16.55907911573185
402.0100385506282,226.84622051164328,402.0100385506282
224.18017148719423,224.18017148719423,224.18017148719423
238.1753271371975,238.1753271371975,238.1753271371975
316.2081210796478,202.67504101782367,230.00000000559837
267.8615022169379,181.82099503766187,234.77273294071628
252.6049190558014,230.00000000559837,235.46614518594737
230.00000000559837,0.0009514987491611326,0.0009514987491611326
263.1067599539923,215.74239007769492,230.00000000559837
266.2482768378899,193.20025858661526,240.9799309831062
230.00000000559837,153.75097070230598,153.75097070230598
272.95493822626014,188.42969605609304,233.8259987941808
226.19482422083647,21.41838553211379,226.19482422083647
249.23743960988938,230.00000000559837,234.6701945949739
264.8692218113405,195.25861666982195,242.53786952959726
337.92222756968846,225.8120028955989,225.8120028955989
224.62062045013784,67.9110364601164,67.9110364601164
227.7835434642237,3.0835520718281,3.0835520718281
254.83761893555348,9.005039093862505,11.684438895728679
266.7298537019585,193.07291457498332,240.17371151253
225.14845028271768,143.10701638145582,143.10701638145582
231.75870682688299,229.9999992867954,230.00000000559837
226.824631792214,40.14629673439018,162.06662863357207
219.60034621999057,219.60034621999057,219.60034621999057
227.48590882377096,227.48590882377096,227.48590882377096
238.67364830528302,228.92288620946692,230.00000000559837
247.96803777639838,137.97042304257545,169.43599869904165
223.42669414990525,7.139343813531076,7.139343813531076
353.4934800878255,230.00000000559837,353.4934800878255
329.4144604758041,230.00000000559837,306.75206768947066
225.9679580671422,225.9679580671422,225.9679580671422
230.00000000559837,6.755721796449699,6.755721796449699
225.60765034529265,193.72299964522267,193.72299964522267
249.4314014909716,229.4697776226737,230.00000000559837
225.0172207344571,144.11746977324984,144.11746977324984
226.86591515126975,109.40867525038317,109.40867525038317
227.40329011137658,227.40329011137658,227.40329011137658
237.29510730214298,227.4664070438877,230.00000000559837
230.00000000559837,184.2458057525156,184.2458057525156
243.9210328507253,230.00000000559837,233.40273670711787
227.3530067643692,52.61669577244873,158.12743126011856
230.00000000559837,190.5227240469587,190.5227240469587
226.57253605951448,226.57253605951448,226.57253605951448
229.96401858539238,229.96401858539238,229.96401858539238
266.629767792508,193.0579956941382,240.3588983837211
224.66026546895378,224.66026546895378,224.66026546895378
235.9718396336289,199.55616346462566,230.00000000559837
230.00000000559837,207.64074904142237,224.0574420392993
259.0672073969177,211.42345396467914,245.62936068105665
257.33053799449004,10.24633258453369,13.193012855597441
261.7069873162819,221.35075522812173,230.00000000559837
230.00000000559837,207.02438589779254,223.87857382747097
253.5287287300913,12.616687266095589,16.35598149954309
296.7346944268032,234.53201345262403,285.14399747826815
230.00000000559837,21.530707833961618,196.67280100044366
248.85314756880615,17.880293812575868,209.67026711131095
224.25173430377114,224.25173430377114,224.25173430377114
283.9241884330801,227.7573627748627,230.00000000559837
273.03349562007946,188.28016115530218,233.7282806210979
246.39715449506585,246.39715449506585,246.39715449506585
353.81029643278407,227.58324189962477,227.58324189962477
309.39223135242037,226.12024115442267,267.75623625342155
257.28051833116734,31.137054975039163,40.086518024382016
262.26733247313416,191.08663843345252,240.01953609394258
230.00000000559837,25.073078601782672,25.073078601782672
226.12789715747914,4.688181479895683,4.688181479895683
284.38225205363716,233.9110012233275,275.95392106922
248.8800065389865,248.8800065389865,248.8800065389865
254.7567122254927,229.743663331649,230.00000000559837
265.2448503981848,194.50186691090633,243.68518003557443
227.08436632135468,191.67632032487396,191.67632032487396
237.91516664810027,100.72553796743121,230.00000000559837
258.3318309943612,230.00000000559837,236.80943232536634
247.16637743952447,70.43357247782455,142.41547037161334
263.13869430200157,227.64178255503646,263.13869430200157
253.3965652344352,229.6983245778539,230.00000000559837
227.46816937091685,227.46816937091685,227.46816937091685
260.98081856660446,226.63981653511297,260.98081856660446
258.9407874025496,18.033272362149226,170.24450438116446
239.9443834368119,226.17908592727034,230.00000000559837
226.50968960993202,8.599885062231877,8.599885062231877
228.65526357848506,228.65526357848506,228.65526357848506
344.9875811459785,230.00000000559837,344.9875811459785
240.70635146177167,230.00000000559837,232.62890602045707
272.37360838176414,226.948969222019,272.37360838176414
227.12419068761992,72.64502735805593,72.64502735805593
230.00000000559837,22.496051719121272,22.496051719121272
241.33323693380075,230.00000000559837,232.78029207720417
242.2269351716779,230.00000000559837,232.99569689494257
271.1486337207144,226.94722047250318,271.1486337207144
249.4214869300288,130.88121026395552,173.07218356060088
230.00000000559837,96.22755426229882,96.22755426229882
382.7644024113895,172.35238808406464,230.00000000559837
230.35945543802023,230.35945543802023,230.35945543802023
372.8499815661454,182.78599408622372,230.00000000559837
224.93165483943054,5.3453568707908765,224.93165483943054
228.6238400351624,228.6238400351624,228.6238400351624
230.00000000559837,1.5360906984079916,1.5360906984079916
230.00000000559837,200.87845224632156,222.01559477354652
234.53645808977697,234.53645808977697,234.53645808977697
281.98731832934317,211.64583814426192,230.00000000559837
262.22809793657285,65.22945514691342,82.8827236726506
226.65799324592945,1.1944292250332116,1.1944292250332116
246.51341424178162,13.38854566388964,151.41630558113354
230.00000000559837,214.6687729173551,226.02304648765565
262.589787451264,1.0041345242587632,1.2719536934567626
377.53345332334095,227.06919983963706,377.53345332334095
302.45277622115174,230.00000000559837,302.45277622115174
226.53844445872124,129.6287446203339,129.6287446203339
248.3324271871715,3.498161796876675,4.171595370501305
357.8087529619669,225.87832117707057,357.8087529619669
250.81658331232123,9.906281496169814,12.643479679919462
226.0622014333278,226.0622014333278,226.0622014333278
239.08712994686599,230.00000000559837,232.23672993645073
224.88313261877198,152.16011100969612,152.16011100969612
230.00000000559837,203.2522725637245,222.7543309496629
265.2619399370775,194.50375477910282,242.17313926171624
299.80847877263204,230.00000000559837,299.80847877263204
335.71328809256426,226.2507512468977,280.98201966973096
268.62406565566494,187.07431715727643,232.27880431364974
248.57506933700057,4.972337389402653,146.9409887539572
230.00000000559837,203.6321959427345,222.87011378297677
226.1387212495386,52.66452461612093,52.66452461612093
259.9270499518932,208.7297562545801,245.41176583033402
230.00000000559837,200.60592652352244,221.92893732016785
258.5491784911936,230.00000000559837,236.86018218246926
230.00000000559837,202.76753661975278,222.6056779664611
339.88311057215054,198.86063611170005,243.57319278553615
247.03165620145492,41.51155291417597,50.18925784510823
216.16119019641033,216.16119019641033,216.16119019641033
304.2007809670721,224.89413042019646,230.00000000559837
227.93416593565416,54.0562615315265,54.0562615315265
241.60898158607236,230.00000000559837,232.84680508458916
260.2190958521653,223.2627746673504,230.00000000559837
254.65862679992398,228.32493729897342,246.2814433780516
252.5103148570699,230.00000000559837,235.44384985190703
329.7412727652302,233.22506677777346,260.79205725768014
259.42841998381266,216.27057336886,246.71082340493612
251.39930106571563,16.05244893979623,19.147244007161575
244.02700539572618,244.02700539572618,244.02700539572618
254.58986001779923,228.533699901685,246.28769063394037
288.9760759020911,224.18084343495377,237.42663246779483
261.5502263758532,230.00000000559837,261.5502263758532
227.26076449548418,8.376783664472173,8.376783664472173
247.4286880240385,58.984752417500644,71.79790637230406
259.0706682505533,230.00000000559837,259.0706682505533
232.11596480956834,227.27858723692916,230.00000000559837
230.00000000559837,47.938999522561566,47.938999522561566
267.6422476181785,183.25840006022693,233.5649155689701
242.2471353943727,12.49660632457997,13.823756822039181
226.2617557040262,226.2617557040262,226.2617557040262
228.08414750444666,0.11143812933312587,0.11143812933312587
230.00000000559837,13.788856770683106,13.788856770683106
258.8382212404673,230.00000000559837,236.92764831557997
243.6857830266476,6.760674387066449,7.179462839614203
226.72777077620725,6.359377710733948,6.359377710733948
278.80178571819334,225.82644979226134,230.00000000559837
249.46968366700156,230.00000000559837,234.7252487265551
224.04098505261766,224.04098505261766,224.04098505261766
242.87402069541187,230.00000000559837,233.15136614905867
401.6330412450816,227.5958682229772,401.6330412450816
306.65387582909244,235.84963938998644,283.5328890783046
263.2839592030043,6.608676734882121,8.325687188696483
269.4747595927359,201.71394954640792,250.5327108637091
260.36606131245924,207.41985021372886,245.23460680128008
244.05342334331536,13.71695729144389,15.697787325803725
223.1399921766345,223.1399921766345,223.1399921766345
262.15356837340556,202.1761114481049,244.2804913546536
322.40127827126713,233.55598573475294,262.6661452302253
227.54143378614307,12.434956279288413,111.51299379280512
355.71234202904174,230.00000000559837,355.71234202904174
230.96012538804865,228.76474383028875,230.00000000559837
270.9006015491128,182.5138515473621,227.62738994689929
240.9595299939745,19.539195120064626,21.139197054019256
227.09866286494724,227.09866286494724,227.09866286494724
285.8760282346697,223.5079548480997,230.00000000559837
314.93953827090706,190.4005683467768,230.00000000559837
368.35322070892767,230.00000000559837,368.35322070892767
286.7983466650997,149.5588154294838,230.00000000559837
247.6357722933662,7.870439002629329,9.61318231983328
266.30168928165375,193.16415071192247,240.89994567165513
227.49851999701883,227.49851999701883,227.49851999701883
251.38949558504868,118.45458714347228,141.26713133409254
225.47614730095415,24.605671662206692,24.605671662206692
315.1879496206824,236.37459697394544,285.8545026477367
271.5883880870493,230.00000000559837,231.64806007052496
299.5826924146563,227.249415059415,299.5826924146563
266.6114098916509,193.05795431370402,240.39172549810615
358.7858204018719,225.9554993194771,225.9554993194771
265.5335930772611,185.64223625364548,216.02776207636998
230.00000000559837,42.53285229764176,42.53285229764176
247.7392765519511,230.00000000559837,230.00000000559837
226.88250156033627,226.88250156033627,226.88250156033627
263.80839514027195,193.11359489637556,229.37024950453642
230.00000000559837,6.0289988935086365,6.0289988935086365
269.2804859387016,182.50336848568398,239.3825199303987
256.2296884531488,230.00000000559837,236.31775555361915
264.62534620358815,16.419095134034958,23.804818483447598
268.29321828332957,191.07231319539812,238.7260351009024
230.00000000559837,209.56189104295635,224.60749446995032
232.68516484035248,230.00000000559837,230.5178749846121
226.79072847694619,6.780498552545721,6.780498552545721
230.00000000559837,218.21237165874751,226.973081371655
362.64215621293994,240.53863967377316,280.0896409465207
345.5065298314298,228.5567839312939,345.5065298314298
347.22248136843353,234.46588745643248,266.0954866745517
370.9114166656763,234.97699138681622,352.18328094576964
248.0066001583523,230.00000000559837,234.37800293941308
263.4458885225416,225.9620243679194,225.9620243679194
224.1525993572906,0.9468495735783699,0.9468495735783699
264.02041935518224,223.77191783107693,230.00000000559837
228.49932309963634,17.48563813098894,17.48563813098894
230.00000000559837,4.4416320344601985,4.4416320344601985
251.60040696690015,229.75493352563404,230.00000000559837
391.92613806735346,230.00000000559837,230.00000000559837
264.7689942100846,11.992359343146473,15.093881355173568
226.8318153078031,226.8318153078031,226.8318153078031
224.86121760071416,177.2228800986511,224.86121760071416
250.88999010794137,12.15987707558154,214.73386657485767
227.04378489181212,227.04378489181212,227.04378489181212
294.3735988870557,233.9770416906364,266.75216421052403
299.28021739046125,230.00000000559837,299.28021739046125
230.00000000559837,6.735160151992116,6.735160151992116
246.0785696530474,10.56799466387749,152.1715300327394
265.17138098066346,76.05610028542671,193.99808490837188
369.0815411069916,241.96075066649976,271.14760595899725
387.09872211559787,230.00000000559837,387.09872211559787
224.42248591854946,224.42248591854946,224.42248591854946
233.00907913846902,230.00000000559837,230.00000000559837
247.02619590123908,228.6009224139506,234.8863115361334
230.00000000559837,213.9651102996345,225.83152373448024
227.68898045047982,85.20190174475644,85.20190174475644
380.8593164911324,230.00000000559837,380.8593164911324
242.45045868281926,11.931687771966592,13.245597726766917
412.80059336082434,189.97039502923576,308.3023240627242
225.83376377500286,74.77419872464856,74.77419872464856
336.4346606269251,230.00000000559837,336.4346606269251
226.95607162987315,88.84741452874046,88.84741452874046
230.00000000559837,221.27393237455064,227.77682178087966
305.85655781184784,226.4684939847041,305.85655781184784
375.1446631820843,230.00000000559837,375.1446631820843
226.60791006583366,93.14545357595587,93.14545357595587
225.88291631226733,225.88291631226733,225.88291631226733
230.00000000559837,1.465641496487031,1.465641496487031
266.00761470270965,134.63947827999195,230.00000000559837
261.513841791375,12.499142323244127,15.965040474497115
230.00000000559837,166.65104362669473,166.65104362669473
230.00000000559837,101.70899285695043,101.70899285695043
239.5382753083216,230.00000000559837,232.34616819025575
244.52035869564878,10.307470538032856,11.902127035234297
266.6742602816214,187.25747554973066,237.79430067556467
267.2626870252422,189.52952797964298,242.5903354496392
226.05642864685066,171.25877639412715,171.25877639412715
231.56567677302593,204.55662677124894,230.00000000559837
249.27503835287146,228.86078432888442,230.21598587471914
227.16686376504117,227.16686376504117,227.16686376504117
226.1925173757739,3.31612168450558,3.31612168450558
369.401119969414,230.00000000559837,369.401119969414
230.00000000559837,128.65162392888192,230.00000000559837
230.00000000559837,95.61040152718112,230.00000000559837
259.489624820024,210.03571737517075,245.5683912060831
233.53684854824996,233.53684854824996,233.53684854824996
259.79466157621545,230.00000000559837,237.15069865567037
239.20323443211643,230.00000000559837,232.26490725142233
262.69834863082053,230.00000000559837,262.69834863082053
230.00000000559837,205.43853761472158,223.41246806826666
254.5624605910547,169.15052398049082,214.77344186156375
251.52394598021004,10.161824546523233,13.044416267841484
212.94810002063556,212.94810002063556,212.94810002063556
230.00000000559837,72.95259430677766,230.00000000559837
280.84852101637904,213.10439353014587,230.00000000559837
327.9858616786811,238.25521943551476,266.63649652661695
265.10111789736254,194.8006068814352,242.32854956012173
230.00000000559837,11.061302684343238,230.00000000559837
223.4453814963652,223.4453814963652,223.4453814963652
230.00000000559837,202.71353938619245,222.58905262309648
224.90451574280385,15.087658660650463,224.90451574280385
256.75469230812575,7.549979706811888,9.72794677676643
252.06918380441647,179.00176406080357,221.22765565078276
225.23611483315958,184.7897867342211,184.7897867342211
350.4638576274681,230.00000000559837,350.4638576274681
227.59331787108565,125.44312903749233,227.59331787108565
241.47857437728644,219.63173854403826,230.00000000559837
274.28498840349147,186.12102670367562,232.09591686933263
230.00000000559837,22.150939867362066,230.00000000559837
255.98689760461437,208.03891598837438,242.54505723445897
270.64580305933873,184.26252152258277,234.55857702800878
230.00000000559837,86.16910946781474,86.16910946781474
226.44136188380546,8.057073967224852,193.33045470009176
260.6741500695131,230.00000000559837,230.00000000559837
230.00000000559837,21.35308761996209,21.35308761996209
252.0237038838841,12.635214617198343,221.0659362412145
287.5334008348853,230.00000000559837,287.5334008348853
230.00000000559837,78.12967353912508,78.12967353912508
226.99973796035238,226.99973796035238,226.99973796035238
225.61680535881226,1.31821468110605,225.61680535881226
242.0479323136477,0.27710768863297985,0.3054774976850084
227.12655688471628,13.676373438735002,13.676373438735002
230.00000000559837,174.72913435282987,174.72913435282987
237.85137923217985,237.85137923217985,237.85137923217985
343.21211050244307,227.42652733145812,343.21211050244307
230.00000000559837,4.35898699919788,4.35898699919788
230.00000000559837,187.9778652337148,187.9778652337148
227.58070500979068,227.58070500979068,227.58070500979068
230.00000000559837,216.59811598461198,226.54315027556265
363.27000194240696,242.21710293108072,270.76326198137224
225.8216151546125,152.2803167433108,152.2803167433108
264.6127546644544,195.80128848455269,242.75100788535386
230.00000000559837,166.84672257859606,166.84672257859606
254.45165718462107,213.7105343488496,242.66255060028772
230.00000000559837,13.522880605199385,13.522880605199385
246.2473358239738,230.00000000559837,233.95909983904147
396.15982110164765,230.00000000559837,396.15982110164765
230.00000000559837,208.94432973863073,224.43185592171386
252.02146665254523,252.02146665254523,252.02146665254523
252.3562023967559,144.74795679657294,186.79299139999299
230.00000000559837,108.93500817363014,108.93500817363014
245.61391188460013,228.9430298520804,230.00000000559837
264.54268724456074,195.95545623838362,242.80614880293234
245.23750516375074,245.23750516375074,245.23750516375074
257.5011699881481,217.40859156403866,246.1263619464421
227.35595580864356,136.05691004941235,136.05691004941235
402.9669240086737,226.42889140681228,402.9669240086737
321.7206121866099,237.36688129917943,280.9267659313922
259.8792908643201,230.00000000559837,237.17042078206416
291.8976762088705,200.74690644100855,230.00000000559837
368.13277034251735,230.00000000559837,368.13277034251735
224.9251778296196,224.9251778296196,224.9251778296196
224.65886217452066,44.36865279050538,69.59059502656564
264.36788986083593,148.07179422536277,186.47842165700115
254.71548932953374,228.15076676935342,246.27579613685953
230.00000000559837,20.925635412188875,20.925635412188875
224.11683016525419,224.11683016525419,224.11683016525419
231.77783105428458,231.77783105428458,231.77783105428458
230.00000000559837,95.93149493701591,95.93149493701591
227.65642287153634,227.65642287153634,227.65642287153634
226.6719865878439,226.6719865878439,226.6719865878439
246.1826605363483,230.00000000559837,233.94367036139914
300.662655779706,230.00000000559837,300.662655779706
226.25889393458937,27.28191063729149,226.25889393458937
259.5864079608905,8.821269508253344,11.362244714186762
233.40355007210525,233.40355007210525,233.40355007210525
248.21127605862566,65.7999164596245,81.11964260443685
226.49894799726837,13.954387641604987,13.954387641604987
463.73824691826024,194.2633171185221,357.01017335018815
230.00000000559837,205.52851045833918,223.43915167195433
245.21043141302886,14.41785885740681,16.867550290462262
250.34866402363878,230.00000000559837,231.7949641041376
228.50780118971937,10.298306746471122,10.298306746471122
302.48431752994884,196.70231065889087,230.00000000559837
230.00000000559837,203.82971352425733,222.9300626888297
226.97371038656524,226.97371038656524,226.97371038656524
362.292002523705,233.6426769709741,352.83468665388693
378.69450025700223,242.9746325589937,280.9697906418678
230.00000000559837,172.5149152554628,230.00000000559837
233.2126533995071,161.76004719443648,230.00000000559837
212.87305784633588,212.87305784633588,212.87305784633588
230.00000000559837,18.67908670766461,18.67908670766461
227.6419075318479,165.38530098185961,165.38530098185961
226.75256707926505,226.75256707926505,226.75256707926505
280.46180926346807,212.81383979762688,230.00000000559837
227.9223694917104,98.3719004365051,98.3719004365051
226.14350674034253,89.25982546980231,89.25982546980231
245.37887435718326,230.00000000559837,233.75173243378862
394.06164509674744,223.90632477219233,223.90632477219233
243.1807429206703,230.00000000559837,233.2250695512806
362.55464336712004,238.30906364975053,305.20924149263294
257.0954820653721,219.3191542749019,246.1877390676969
230.00000000559837,205.98933412928085,223.57535729513236
255.11935855821835,224.95946118576444,245.36229406974715
318.7644841579887,192.43512080667392,230.00000000559837
248.40941539269403,248.40941539269403,248.40941539269403
225.85843278176137,225.85843278176137,225.85843278176137
251.42220370456187,225.41942605617933,225.41942605617933
341.5812393352034,237.00959187705342,302.41213815147677
225.1501489648036,225.1501489648036,225.1501489648036
400.3259206009615,230.00000000559837,400.3259206009615
226.32253675785353,142.22957745102457,142.22957745102457
266.9687742033678,114.93663623291253,143.49901540009188
226.3062517932022,22.568603273215604,22.568603273215604
305.18019547837724,225.20833829052796,305.18019547837724
258.4046515271803,230.00000000559837,258.4046515271803
255.0146375752628,197.21398534083895,228.68829337851454
307.72562812473524,205.59725409166595,230.00000000559837
343.2671093073511,188.8344587515672,262.1550213083417
225.5213078445972,8.5327419358559,8.5327419358559
230.00000000559837,34.31907456908308,34.31907456908308
227.04137179599437,20.312402039423905,20.312402039423905
275.07410206242486,185.0117906323911,230.9896031987878
245.4842238329074,230.00000000559837,233.77690821449346
248.1939245669269,220.66232098484525,230.00000000559837
279.9451072607909,230.00000000559837,279.9451072607909
230.33464422913588,229.999999922473,230.00000000559837
253.6643486006809,231.15581205105298,246.31429049204104
227.31107245196444,48.85150545090809,48.85150545090809
250.20342624711316,178.1601507401472,230.00000000559837
226.76321403846134,183.84665278974316,183.84665278974316
227.0525059075427,227.0525059075427,227.0525059075427
268.3396709841771,230.00000000559837,230.00000000559837
240.4094739241133,229.92311176243598,230.00000000559837
226.19983572440935,7.695341115686876,7.695341115686876
226.03530517859443,6.607396034182401,6.607396034182401
225.26207741121058,225.26207741121058,225.26207741121058
384.7272228173491,236.75380614352576,343.961292704031
249.127274227642,15.46014328469551,19.32456501868625
264.208517328762,132.4363103513017,194.80072866565683
207.02591415334047,207.02591415334047,207.02591415334047
251.07414616840083,20.97047798775127,214.16872297044563
253.5459820827317,68.31268951344137,84.6486950706119
225.35991886457325,18.459186766938068,18.459186766938068
230.00000000559837,2.7582831825981766,2.7582831825981766
265.4078986861684,81.05491057367176,101.86504905797106
252.19725050810825,44.25090554433718,56.428106895729925
260.8958398866976,228.8381333034136,230.00000000559837
247.89884063299607,247.89884063299607,247.89884063299607
216.20860563314332,216.20860563314332,216.20860563314332
315.9471166853576,226.2999890087473,315.9471166853576
260.6066477208631,223.20318793486925,230.00000000559837
230.00000000559837,219.95956736442355,227.43353014613638
225.34133326404012,1.9224782005117738,1.9224782005117738
372.48801661417355,230.00000000559837,372.48801661417355
263.05541800989306,199.66314676386222,243.72538086526527
295.26380411662126,230.00000000559837,295.26380411662126
230.00000000559837,112.53296298403649,230.00000000559837
230.00000000559837,19.213885594747516,19.213885594747516
272.1623724577179,225.96951158837294,225.96951158837294
230.00000000559837,212.1579703475125,225.33477037703403
230.00000000559837,213.26517728079858,225.63998116816649
230.00000000559837,203.55441724193312,222.8464613930076
379.9185573944894,193.56035266413062,296.5994242769342
287.69145564400395,226.5634462056908,287.69145564400395
293.2022950823329,230.00000000559837,293.2022950823329
253.61399633811666,6.4824802030807716,8.405382608619338
339.94947902796116,230.00000000559837,339.94947902796116
230.00000000559837,13.749706303687436,13.749706303687436
253.0378549489552,203.1955122005696,236.21481272329544
230.00000000559837,13.077454477057936,13.077454477057936
320.2987730304003,227.38855551959549,227.38855551959549
250.69995404973432,230.00000000559837,230.00000000559837
280.6828341743429,226.32623140237175,280.6828341743429
246.94757714948017,129.43912556564086,156.27048620191323
252.26927829675407,230.00000000559837,235.38702827513413
266.5269383033374,217.1714343636881,230.00000000559837
244.68403898975046,19.62510805926787,22.732149136163
462.7226108342954,194.02609463604597,357.6839150836835
230.00000000559837,217.24465881244538,226.71589254317632
207.0475582662267,207.0475582662267,207.0475582662267
263.4411692958128,225.28626265439686,230.00000000559837
252.3279922816502,203.30131838601767,237.41372810926975
243.0529730581586,230.00000000559837,233.19437381864407
227.0220327303614,227.0220327303614,227.0220327303614
256.2066761672257,228.88978662710394,230.00000000559837
248.3790152056057,11.186961431684587,13.827740624343798
265.4107429875651,122.21484297432079,153.59117641445926
260.36681352029865,157.89086425354054,202.88352211819603
346.6310264656583,192.53530607078275,255.9996321163341
252.86523714638855,11.928263796490727,178.84631832228513
241.15229065303856,216.93837119786207,230.00000000559837
317.10789916683876,224.12452187192986,317.10789916683876
230.00000000559837,37.12392607784539,37.12392607784539
305.33506310846536,224.7474460715095,305.33506310846536
287.9673867234542,226.89854489538268,226.89854489538268
230.00000000559837,72.44621222592463,72.44621222592463
258.66216770809376,38.332385445632255,49.43023298345645
258.56506148579115,195.170684415579,234.1195015267602
248.62768006060284,218.32441388849065,230.00000000559837
263.53734177029287,191.7333763374011,240.98212534526957
403.28960254727514,230.00000000559837,403.28960254727514
290.09183079798817,230.00000000559837,290.09183079798817
354.5708553179008,230.00000000559837,230.00000000559837
268.60924175205065,199.4345845046969,249.35097973742148
243.9690074400916,230.00000000559837,230.00000000559837
248.24304292448792,230.00000000559837,234.43418791068808
230.00000000559837,156.17647228254833,156.17647228254833
292.5366022539088,230.00000000559837,266.0764206916618
375.8394808876545,225.5405103009846,225.5405103009846
265.3151677631559,218.50878164240103,230.00000000559837
392.86666833810256,234.43288802879943,378.4866167214791
256.366564818455,219.8881790482626,245.21961342323664
370.6023184475264,227.02888949002175,227.02888949002175
233.92925672065894,226.73999331091233,230.00000000559837
231.7825100531725,231.7825100531725,231.7825100531725
258.37507246898707,66.7446412325612,217.62414458177722
230.00000000559837,196.2321869213287,230.00000000559837
273.83631641260706,226.61172524756947,273.83631641260706
244.69322352964736,20.638370985261712,23.91001191075857
266.2996465508515,193.16544536818697,240.9030421335665
275.33003821026125,228.59734900865982,230.00000000559837
229.24687021529772,229.24687021529772,229.24687021529772
307.1524103464886,230.00000000559837,307.1524103464886
247.5495820118748,230.00000000559837,234.26932743104294
230.00000000559837,206.84770550552477,223.82707289794888
260.84932752581767,218.53029932106787,247.6100159462385
238.33520327268715,238.33520327268715,238.33520327268715
348.1853278363478,230.00000000559837,230.00000000559837
237.21181634369026,237.21181634369026,237.21181634369026
242.26655919834278,88.09171893486192,94.70690435450572
370.1469984044805,230.00000000559837,370.1469984044805
211.3970339499365,211.3970339499365,211.3970339499365
230.00000000559837,205.28189078391142,223.36593897732592
253.5559750661841,231.4413314990019,246.3109168821254
251.8381874453674,230.00000000559837,235.285343781001
264.5472313352162,230.00000000559837,238.2548923573922
252.46131360762217,219.49295705690452,230.00000000559837
312.51842839228357,230.00000000559837,312.51842839228357
211.43805846256632,211.43805846256632,211.43805846256632
261.95377377761537,28.96486024803958,36.88270208422867
223.46329690918682,223.46329690918682,223.46329690918682
355.2902305637134,238.77589323044225,270.64530448321057
230.00000000559837,219.61635121561224,227.34346087386032
245.65800690939594,245.65800690939594,245.65800690939594
226.25438147889403,16.836044152460815,16.836044152460815
225.92173551253123,34.61620642695694,34.61620642695694
230.00000000559837,101.08788331179424,101.08788331179424
230.00000000559837,18.311644809858453,18.311644809858453
230.00000000559837,106.9824495076204,106.9824495076204
226.85784846125011,226.85784846125011,226.85784846125011
227.920568619387,72.83281180163895,72.83281180163895
230.00000000559837,219.74066272994997,227.37610452893665
209.88685192771106,209.88685192771106,209.88685192771106
463.59560420530465,243.3679858167099,343.61953972873636
220.61048807047598,220.61048807047598,220.61048807047598
226.97163416276408,2.0482071659835195,226.97163416276408
230.00000000559837,194.65918722843358,194.65918722843358
230.00000000559837,186.99093344647622,230.00000000559837
267.8387515593416,213.24657091682286,251.43902002700045
265.96048349059896,193.4676162967743,241.37903307593638
230.00000000559837,32.9757793868714,32.9757793868714
218.63392980289103,218.63392980289103,218.63392980289103
230.00000000559837,218.21194441796555,226.97296817437993
256.6523368809021,230.00000000559837,236.4167341852845
430.72121026043726,238.41160530391411,361.1589483472177
260.2111196800239,230.00000000559837,237.24772868592524
274.86019338980213,230.00000000559837,274.86019338980213
243.32343941248115,230.00000000559837,233.25934029124846
312.9984690879231,230.00000000559837,312.9984690879231
230.00000000559837,189.12406234613368,230.00000000559837
240.7010781996556,121.50082450254489,130.87408586289195
312.19417462939015,206.28078633544018,230.00000000559837
255.5267904561056,225.5032301127289,246.15134792669835
242.26614165811884,9.160576790899336,10.136787257748326
230.00000000559837,12.769653428974278,12.769653428974278
398.7570452971775,230.00000000559837,230.00000000559837
250.88188781435798,250.88188781435798,250.88188781435798
244.38922204787107,1.1232599288632157,230.47278949644215
398.06710333733116,230.00000000559837,230.00000000559837
255.29396323200552,230.00000000559837,255.29396323200552
241.59070981952067,229.9209872947784,230.00000000559837
283.02596672681165,229.8038800848773,235.82853585640106
235.68194172790731,228.5477864848798,230.00000000559837
256.99527837900314,192.07790173597306,236.19301716685504
343.2260351085628,214.96105075889912,245.99886805481717
341.2981599666194,191.8709070626899,230.00000000559837
230.00000000559837,207.1030765221492,223.90147833069233
226.09149165737884,68.43333813611511,68.43333813611511
384.882380701394,230.00000000559837,320.9529377552786
225.71386640769256,225.71386640769256,225.71386640769256
274.4737526545071,227.9078638786853,230.00000000559837
230.00000000559837,219.97277886866559,227.4369935840669
346.9218762640347,227.71819790391567,295.17070974725436
230.00000000559837,8.319274176896545,8.319274176896545
399.39735397376563,233.31974575732647,329.95447649115465
420.60887760590924,237.7784236232362,361.45226962713303
230.00000000559837,141.79335004815533,166.42504392597374
265.35255484587384,194.3447930912166,242.0815670708295
254.58204340320245,230.00000000559837,235.93127695470713
245.12694880348675,230.00000000559837,230.00000000559837
230.00000000559837,17.879897101637535,17.879897101637535
230.00000000559837,220.6209967317819,227.60660359068862
250.67112117629,226.9102154899098,230.00000000559837
252.50412797273222,98.42512726911094,127.11197286577791
227.0247770644042,227.0247770644042,227.0247770644042
230.00000000559837,108.78051868835738,108.78051868835738
347.87610108005686,228.10651276089644,347.87610108005686
244.70928398843802,10.700779900570348,12.400881498275782
243.67988365685005,243.67988365685005,243.67988365685005
225.38729985141003,13.176659590658357,13.176659590658357
230.00000000559837,5.874042256311347,5.874042256311347
270.50197657642445,191.81200967629135,247.1837277214746
211.09160097918274,211.09160097918274,211.09160097918274
278.0877035079707,230.00000000559837,278.0877035079707
221.95290604082672,221.95290604082672,221.95290604082672
230.00000000559837,3.521879925165842,3.521879925165842
224.68778800645254,15.52024822001531,15.52024822001531
253.3174906208067,214.83972399202662,230.00000000559837
266.75299481334895,193.0801170307159,240.12931045893075
267.6059490829689,230.00000000559837,267.6059490829689
266.2217013001203,182.38433404769893,239.87662490062525
258.0289072323765,31.63349298769923,43.21195800333982
226.73279648184348,15.045016568947608,15.045016568947608
226.98684279049965,198.27361182509506,225.15791228823667
402.2297713038109,240.04936962005212,316.9687712571707
262.67721888699265,200.70019077518361,243.91938205253018
264.7655295234809,230.00000000559837,238.30545569721977
314.8966132758314,196.18695828488475,230.00000000559837
264.56537335892443,224.8613463299025,251.77803238917022
310.12229905793896,226.69143441392237,290.8757505525815
227.71318374983662,21.036431756119608,21.036431756119608
321.7381154214754,230.00000000559837,321.7381154214754
265.50707845435545,194.08880939050013,241.91824760852245
253.20063888993445,4.787592409977179,6.200767945928605
252.2564691237768,80.12283332790403,103.33972179559353
357.66791319238513,230.00000000559837,357.66791319238513
474.89305665799134,244.0033962895561,352.0708895393649
246.58417327795087,146.77111264738934,176.07197486710078
230.00000000559837,22.344599798509268,22.344599798509268
230.00000000559837,11.331470545377067,11.331470545377067
412.9696908169633,197.03900402834313,308.06153212765594
225.31186932547428,33.075775624120936,33.075775624120936
265.3032423448658,189.4183765646993,228.020739194883
230.00000000559837,96.6457468511906,96.6457468511906
264.3210493186698,40.031796145397664,50.417852194662515
252.30793398543207,2.8521277334667,224.86624239427692
230.00000000559837,220.32023313051994,227.52798529209048
230.00000000559837,160.23168049306506,160.23168049306506
230.00000000559837,203.90082369845695,222.95160512057393
327.46882278051106,230.00000000559837,230.00000000559837
244.33638981619575,13.277478041350767,15.277719113018925
228.2629316171508,18.357609168489063,18.357609168489063
226.00016027184415,226.00016027184415,226.00016027184415
254.9814930621607,230.00000000559837,236.02506622165734
323.0053344385799,226.71465109142255,323.0053344385799
230.00000000559837,8.197989254917506,8.197989254917506
336.37496968861507,226.61754259251077,226.61754259251077
225.9014486139502,188.65502529634432,188.65502529634432
230.00000000559837,18.398520004700362,18.398520004700362
230.00000000559837,177.96296427832362,177.96296427832362
244.96730896217673,230.00000000559837,233.65332281346332
292.87886220159237,201.3189578583177,230.00000000559837
226.64336808224203,226.64336808224203,226.64336808224203
268.490991836744,223.74072327064616,254.31593105681742
310.89249677932406,216.11967683211452,230.00000000559837
376.3341528203145,243.82851590687028,278.92569050017346
260.5694152053705,230.00000000559837,237.33116385682584
254.34764775416588,229.2530591440937,246.3047584648457
274.85692568622414,226.45495130866445,230.00000000559837
251.66665452578937,225.4629946320352,251.66665452578937
226.3824785993605,7.408592675802361,7.408592675802361
225.2245469228912,5.234234885912165,5.234234885912165
273.67434928322274,230.00000000559837,251.83717464441054
270.48133955183005,184.38462915668845,243.14978416257895
226.2056626300665,226.2056626300665,226.2056626300665
251.4571640231824,212.9347577392475,240.6944688653016
269.976449845458,189.40352088518165,237.15088949216775
230.00000000559837,4.673369600186317,230.00000000559837
335.47091718779046,230.00000000559837,329.2119191326041
225.4622332076185,19.730513053880408,19.730513053880408
258.07664262566584,230.00000000559837,236.7498265630362
239.98570483967262,230.00000000559837,232.45457367022522
224.74141538106636,12.029258938430246,12.029258938430246
412.97854241692767,230.00000000559837,412.97854241692767
266.30088586969566,11.547274272374626,14.464917714588836
260.2395260377454,108.28123567482172,149.1635031903853
230.00000000559837,4.699679127685216,4.699679127685216
241.9025297659147,241.9025297659147,241.9025297659147
225.46925229774777,82.16967523272073,82.16967523272073
244.93427946519995,92.21931658613293,107.32802998475421
353.72325070949825,224.27150282282713,353.72325070949825
263.0376621103822,16.695297285508765,23.845119823137026
230.00000000559837,216.1856555450624,226.43255455152934
295.39644814235635,226.63836478835645,244.95504850266894
230.45032792028232,230.00000000559837,230.00000000559837
262.0828577820301,186.41121518466431,236.3008679330029
230.00000000559837,8.572981207419312,8.572981207419312
253.80130936064015,228.94327733889932,230.00000000559837
230.00000000559837,201.2963249794852,222.14768631291406
250.30209943375152,230.00000000559837,234.92237530462788
400.86385103759415,240.80514435039967,306.3207691063386
224.4662173945366,224.4662173945366,224.4662173945366
225.19154999140522,80.29519199766894,80.29519199766894
230.00000000559837,1.180796152509841,1.180796152509841
224.8318263719906,11.570507870868548,224.8318263719906
407.5744407998836,230.00000000559837,407.5744407998836
240.60291542208788,240.60291542208788,240.60291542208788
322.45163831361845,237.54825781136964,279.590553680495
230.00000000559837,11.448171977518424,11.448171977518424
247.20596509419127,223.4446533834682,247.20596509419127
332.04469034712145,228.4653251696077,332.04469034712145
255.84679735949018,224.36769614786047,246.18621181995954
230.00000000559837,32.53913141068182,32.53913141068182
225.52443895592174,225.52443895592174,225.52443895592174
259.6967449630154,209.41745392322505,245.4966395511209
230.00000000559837,42.087013051484405,230.00000000559837
266.1207060138384,193.3044404585715,241.16314743000612
230.00000000559837,170.6799096120932,170.6799096120932
224.16972474756105,224.16972474756105,224.16972474756105
230.00000000559837,19.085104506300986,196.5967533210162
230.00000000559837,180.80558936816678,180.80558936816678
287.91279559561167,211.7007638813033,230.00000000559837
269.59985899821413,189.69576554042325,237.5214573216784
332.7497458914676,228.25941976484296,280.5045828281553
225.5915258135719,168.26157182578365,168.26157182578365
260.159308638467,122.86825148002283,158.00238559360957
230.00000000559837,215.44444368801197,226.23300903139193
365.2545495069677,167.79360857647325,230.00000000559837
267.837951482342,191.0777791263366,245.29730702448865
263.16336236509426,190.57634857319368,240.34575391172052
224.69115415689922,190.75600932158943,190.75600932158943
227.23263413584868,227.23263413584868,227.23263413584868
394.7685751969528,238.7754158365303,326.41483692891273
274.3286983790418,230.00000000559837,274.3286983790418
263.6796248559566,198.02187722929185,243.3919888523953
266.526088306343,135.2349176676846,187.53114373709394
253.03076102331545,17.319614218407306,22.418728229619653
268.0425561421005,192.33579134083962,244.9805547488088
319.42299263020476,212.97114255794372,230.00000000559837
271.6433647110731,227.3213628888624,230.00000000559837
230.00000000559837,1.5951801356188253,1.5951801356188253
224.96159717306278,114.81776354675786,114.81776354675786
243.4719137885925,227.37977530043156,230.00000000559837
230.00000000559837,21.002187013931852,21.002187013931852
230.00000000559837,85.40584696003063,85.40584696003063
407.379257184542,234.77248873306007,388.9748010350432
230.00000000559837,202.1610807833777,202.1610807833777
344.66203696863937,226.22812571391026,344.66203696863937
474.12490454077977,240.37134042051125,368.69424078770567
241.83725348648616,138.8949178239043,144.41116167201912
400.9250591965017,189.58668069262762,278.6352639802494
255.81145847568163,224.4958627596042,246.18294445700332
261.38531376592886,204.40207793559665,244.73964500183794
225.3383300548251,18.957593944073516,18.957593944073516
372.3599465967862,225.52570513798133,372.3599465967862
230.00000000559837,205.99770149189402,223.57782337912744
227.8528374875078,1.0571639851972152,1.0571639851972152
230.00000000559837,7.8201406351733995,7.8201406351733995
249.35910498496125,46.63249178583687,208.1295534297123
230.00000000559837,74.42162585424727,74.42162585424727
237.3229066126682,230.00000000559837,230.00000000559837
258.47686091303603,213.04583457613296,245.86002102759068
225.45324619181608,7.599131290946345,7.599131290946345
251.14031727581556,130.04091084042295,166.43288759425752
230.00000000559837,25.91324913611838,25.91324913611838
403.1196649224775,184.33760345992724,255.53987100458565
456.85750312228055,238.85501242547278,376.60677110628376
226.3941570464181,52.28059538898092,52.28059538898092
227.0627071465322,227.0627071465322,227.0627071465322
259.6607728640175,229.99624615558622,230.00000000559837
231.02934859479205,230.00000000559837,230.00000000559837
230.00000000559837,201.94799723749074,222.35186767214503
230.00000000559837,14.879488255290978,14.879488255290978
251.27982847083598,142.94654864285297,183.15555730478437
266.969943280041,16.080418291363674,20.076358852407374
267.1069846395436,230.00000000559837,238.8470053053597
236.55095945931924,229.06802988582896,230.00000000559837
226.11939556088782,6.7946124229230564,6.7946124229230564
230.00000000559837,220.55673997540705,227.58981842360407
260.03382325262584,227.0676876591503,260.03382325262584
230.00000000559837,82.17805521595017,82.17805521595017
230.00000000559837,11.26792921518093,11.26792921518093
255.11103952106936,28.258446440275346,37.553118337628206
226.8335388321078,3.4001863504866154,3.4001863504866154
270.3388769935121,193.67296860165186,248.52927385016216
230.00000000559837,220.3570495067612,227.5376161567545
297.322941684211,220.36019967743297,230.00000000559837
264.14008532123364,196.88413023747492,243.09968998166045
262.66089466557787,200.74555136812498,243.93127676039455
298.2843440400848,226.79048651276452,298.2843440400848
227.40331010053208,227.40331010053208,227.40331010053208
243.370747739342,8.767227581116918,9.90174536957307
253.27092536161115,198.96184722793433,236.0680491040219
250.6632232541582,230.00000000559837,235.0077983314828
242.1731183695959,123.41194026711311,136.3428570836303
241.6170371568784,16.224391940995407,17.752357679394926
260.66371082332097,230.00000000559837,237.3531155381345
259.3223055326714,192.64319244980103,236.62242952838972
321.97482343130525,230.00000000559837,321.97482343130525
253.48166100634995,231.6346527003208,246.30787218391924
248.01233339273713,222.52635383009965,230.00000000559837
223.63918041910665,223.63918041910665,223.63918041910665
252.82727642276785,210.1771514801614,240.85422738436864
361.3242553964956,230.00000000559837,361.3242553964956
264.9794804670045,12.199271912903619,15.34787676077545
242.10506144450406,34.59608101208461,38.17583239481817
228.22718931283745,56.53536521521798,56.53536521521798
230.00000000559837,217.47585186680692,226.7774829320184
230.00000000559837,13.096989826548219,13.096989826548219
359.25693327811535,175.97804636533073,230.00000000559837
268.21208280238295,180.85038332206935,225.32027142663733
230.00000000559837,213.41895763267087,225.68215509008974
396.9650993705536,227.72997240480868,396.9650993705536
250.6940434884577,205.2454199521068,228.56986137116843
226.72379862657354,81.13248742179559,81.13248742179559
226.06532187909693,20.819993513528882,20.819993513528882
257.3935925766032,230.00000000559837,236.59017401221155
378.62562418918816,164.7313669037639,230.00000000559837
364.4140596617338,224.402032474837,364.4140596617338
225.87134397606752,2.4547938466651598,2.4547938466651598
230.00000000559837,11.02130119756351,11.02130119756351
230.00000000559837,210.32691157230084,224.82361318810507
241.28241966159595,241.28241966159595,241.28241966159595
265.2439702470821,230.00000000559837,238.41622968190626
230.00000000559837,14.099062712830227,14.099062712830227
264.2290177931263,225.56941040722836,230.00000000559837
247.1442784662078,230.00000000559837,234.17286427630677
265.7973870946465,9.464410678540824,11.879479992683065
261.37928227730356,230.00000000559837,230.17157082401425
224.30773190274343,132.66569644236938,132.66569644236938
251.05761478586953,205.4876688271413,232.1355134745088
226.38702895574775,226.38702895574775,226.38702895574775
263.04594635215267,199.6887702995162,243.72994067360162
319.03153017591904,221.03586648741253,303.6554449519916
425.35685345604514,235.08150033837236,402.7097875778496
225.22690957800543,43.890237951766466,43.890237951766466
253.98086423059993,230.29690718297863,246.31666967521397
250.965628375685,163.77950599479772,209.3061177578861
265.89437387339035,204.6290050302779,248.78770013787204
249.5080496185259,249.5080496185259,249.5080496185259
264.68482336781665,226.41778721145604,245.55130528963633
215.23004894278748,215.23004894278748,215.23004894278748
250.75372165522018,9.769535872034474,12.46191194538465
257.79391452728254,215.91832382487956,246.05531291002478
238.11914314600517,229.72124935170385,230.00000000559837
242.947047294889,20.119875752854057,22.537664539772756
257.75171903525325,38.80885486228245,50.012856478977696
258.2836695761905,194.41949650677526,238.6651208686418
230.00000000559837,201.82897118783046,222.3147349222221
275.28275553360317,230.00000000559837,230.00000000559837
388.59347102818293,224.60443019263707,388.59347102818293
230.00000000559837,3.260715932461843,3.260715932461843
250.92578021294202,250.92578021294202,250.92578021294202
255.1655056201865,203.97990107451963,240.98531026355255
253.33437834768176,4.293997914524394,221.976013059803
227.93569069126045,227.93569069126045,227.93569069126045
315.8112752860273,202.36185484324372,230.00000000559837
222.52684724769395,35.67232684721988,35.67232684721988
263.95875431904454,196.6806848407495,244.2286270757744
230.00000000559837,201.85063454918176,222.32149851660404
262.60471343072925,86.11042066466591,118.32610785679071
438.42028075391926,204.3104717099919,244.7224893589422
253.74317696427963,230.94541857319354,246.3159365740084
225.0879548028447,16.111871253790962,16.111871253790962
321.6739883531648,230.00000000559837,321.6739883531648
329.16017934522876,191.8974065023597,230.00000000559837
242.74666362892643,23.85549810482115,26.619229660359714
230.00000000559837,0.5702648849889473,0.5702648849889473
369.72715263204776,196.09456075265493,283.1320198747759
227.1655724617913,227.1655724617913,227.1655724617913
