0,4,5,6
565641.61824789,256.2296884531488,230.00000000559837,236.31775555361915
505505.90090368397,224.834583839694,224.834583839694,224.834583839694
564233.7749911301,312.72942029669633,194.88299450793065,230.00000000559837
135043.75484832615,247.03165620145492,41.51155291417597,50.18925784510823
599178.907839642,252.78616073193092,233.3504008145593,246.25196577478613
550014.9691843708,245.1448061955456,230.00000000559837,233.69577529799528
220566.48224072804,230.00000000559837,16.807343353055465,51.86068571767409
541253.85524491,256.2066761672257,228.88978662710394,230.00000000559837
107370.64140033063,230.00000000559837,14.011786980878476,14.011786980878476
594633.9045359854,243.8511645524756,243.8511645524756,243.8511645524756
1617410.1516979805,467.1599989896746,236.18911662353938,426.6152952695974
558850.0984727271,268.1112559960949,185.81545001598644,241.63492033908653
860259.9327931488,398.06710333733116,230.00000000559837,230.00000000559837
601663.5060226874,260.84932752581767,218.53029932106787,247.6100159462385
555635.5081967405,235.7192203017693,235.7192203017693,235.7192203017693
513613.62907205557,230.00000000559837,218.85446667877346,227.14286409642114
564176.8374467636,265.19254094637495,194.62962249382505,242.24128787415918
571845.24357911,260.57653908800586,230.00000000559837,237.33282236743247
803782.2233521825,315.9471166853576,226.2999890087473,315.9471166853576
513524.49905916234,226.61078947374997,226.61078947374997,226.61078947374997
106815.7298355371,230.00000000559837,11.26792921518093,11.26792921518093
108845.68419947282,230.00000000559837,19.51180474200919,19.51180474200919
635148.1965369997,252.02146665254523,252.02146665254523,252.02146665254523
543381.8762493677,240.38812313275574,230.00000000559837,232.5519636436723
103642.93162986559,227.30844633293356,6.1712243647564415,6.1712243647564415
109447.63481239672,230.00000000559837,21.35308761996209,21.35308761996209
503280.22130558686,230.00000000559837,211.43764506844337,225.13467424887324
510931.70826142986,226.03798536118433,226.03798536118433,226.03798536118433
525541.2750350955,229.24687021529772,229.24687021529772,229.24687021529772
899426.8342862158,341.5812393352034,237.00959187705342,302.41213815147677
379934.4026209391,224.90451574280385,15.087658660650463,224.90451574280385
274630.5220743738,246.51341424178162,13.38854566388964,151.41630558113354
168516.3470196893,248.09341755074007,68.49862606793856,84.28929629563504
207598.4204527496,227.7835434642237,3.0835520718281,3.0835520718281
116865.14549581952,225.22690957800543,43.890237951766466,43.890237951766466
507086.7836716536,230.00000000559837,214.1569269777157,225.88383400437903
159825.86207775655,230.00000000559837,82.17805521595017,82.17805521595017
548145.0260801113,252.3279922816502,203.30131838601767,237.41372810926975
938466.9242634352,394.0389968797453,230.00000000559837,230.00000000559837
570847.0332471407,259.8792908643201,230.00000000559837,237.17042078206416
509926.13617332664,225.81544149444844,225.81544149444844,225.81544149444844
542822.3685466195,239.98570483967262,230.00000000559837,232.45457367022522
490786.44858760317,237.91516664810027,100.72553796743121,230.00000000559837
348629.4476599215,230.00000000559837,141.79335004815533,166.42504392597374
838198.6606265623,302.5720287430358,230.00000000559837,302.5720287430358
528812.7272848415,241.47857437728644,219.63173854403826,230.00000000559837
206184.49116156084,225.67660039755197,20.26811656097427,20.26811656097427
126164.73679846815,257.64640374737024,13.46440608824925,17.34836830604059
615011.5415635183,247.99426234562733,247.99426234562733,247.99426234562733
545394.5962984824,233.53684854824996,233.53684854824996,233.53684854824996
408937.59338462533,230.00000000559837,194.65918722843358,194.65918722843358
609665.5589723105,264.96797675310125,214.09925328299195,249.935329768938
255069.29909598024,225.73981161287224,7.4429343797322565,116.59137299630225
207825.47239378025,263.68910581285905,82.52679426916559,103.97704396164099
428597.291310263,207.02591415334047,207.02591415334047,207.02591415334047
102759.1050939325,226.65799324592945,1.1944292250332116,1.1944292250332116
347083.2651115958,230.00000000559837,173.66752182922883,173.66752182922883
613126.1528917047,278.33736245793506,225.89539317054792,225.89539317054792
399547.2229365739,250.04401498434902,11.120846836431808,234.78038565840478
513372.3633412204,230.00000000559837,218.6802496477998,227.096864293889
538984.473286371,259.3223055326714,192.64319244980103,236.62242952838972
124316.16957433945,253.03076102331545,17.319614218407306,22.418728229619653
557945.8965333478,248.7391178950501,230.00000000559837,233.60039891780053
124806.38045167435,255.2211224285952,14.507592174725145,18.812903439478593
534402.2944983369,239.9443834368119,226.17908592727034,230.00000000559837
564413.0510741539,267.2626870252422,189.52952797964298,242.5903354496392
531383.7900941974,232.84905863564506,228.8153982657869,230.00000000559837
616691.5458518269,274.9680128938091,230.00000000559837,230.00000000559837
874092.2092431126,319.68560654747455,230.00000000559837,319.68560654747455
109848.57874874552,230.00000000559837,22.496051719121272,22.496051719121272
537231.3196654901,231.7825100531725,231.7825100531725,231.7825100531725
1067091.6794939553,346.6431305191271,230.00000000559837,346.6431305191271
1257280.4819011786,392.86666833810256,234.43288802879943,378.4866167214791
310956.7782139567,230.00000000559837,115.13373899503138,148.50350805532642
288120.2800628684,225.62720588737383,152.60447568378427,152.60447568378427
555587.4806424914,294.4375585771725,206.49878407853618,230.00000000559837
241429.41328301723,224.30773190274343,132.66569644236938,132.66569644236938
158954.44180133124,230.00000000559837,6.0289988935086365,6.0289988935086365
801297.2306319964,319.03153017591904,221.03586648741253,303.6554449519916
335441.47036112036,244.38922204787107,1.1232599288632157,230.47278949644215
548205.5878508429,261.7069873162819,221.35075522812173,230.00000000559837
539603.1892787701,274.9129691470664,185.220167987872,231.22059400142382
515288.81034068647,226.99973796035238,226.99973796035238,226.99973796035238
363566.36892237363,252.3562023967559,144.74795679657294,186.79299139999299
447060.52566419606,211.43805846256632,211.43805846256632,211.43805846256632
297721.69761591096,240.80341931141882,143.33006530489263,154.6554817018002
553962.4423728792,247.9620450120243,230.00000000559837,234.36741248246682
135026.30907036274,262.3235146431964,25.52228809163332,32.404002601500565
616699.0264869751,267.8387515593416,213.24657091682286,251.43902002700045
228896.80786096666,259.60284701231245,78.29187609713937,107.70162234027171
519450.43257286097,261.63880061215,191.53877693398235,229.09390059440227
106771.7526458498,230.00000000559837,11.02130119756351,11.02130119756351
380525.8359189584,252.54376937816886,149.56581414908246,193.19590433302258
598221.5549011204,254.90628767272932,227.55590860729242,246.25358162106644
986422.2207114352,332.04469034712145,228.4653251696077,332.04469034712145
1143651.7762992699,360.1825537651219,230.00000000559837,360.1825537651219
370117.93377540965,250.88999010794137,12.15987707558154,214.73386657485767
289467.51823182567,230.00000000559837,151.5204269342401,151.5204269342401
532854.9406836246,237.29510730214298,227.4664070438877,230.00000000559837
1010961.9853603629,412.80059336082434,189.97039502923576,308.3023240627242
555730.117700093,283.9241884330801,227.7573627748627,230.00000000559837
515738.02675046964,227.09866286494724,227.09866286494724,227.09866286494724
501465.3572763043,230.00000000559837,210.14845964634804,224.7733409637582
592379.0092883799,255.11935855821835,224.95946118576444,245.36229406974715
833797.5296140293,426.589502386881,185.77323750880385,231.7778481989103
233363.91386897297,256.70585588141523,64.03893085997846,83.77094926167983
102555.32079685584,226.43429495138307,1.1369331882285123,1.1369331882285123
514526.72435833304,226.8318153078031,226.8318153078031,226.8318153078031
1571112.1239715447,442.36462102287754,234.2777025660919,427.0913814361004
214073.69153228204,226.1385119141132,11.225422131233755,52.75381504940692
779167.9584235686,302.1953505642093,234.95791327643443,287.08784538415824
541019.0220479383,273.03349562007946,188.28016115530218,233.7282806210979
546866.1418361512,242.89010171841568,230.00000000559837,233.15523166608943
541786.544162643,249.4314014909716,229.4697776226737,230.00000000559837
543653.6986781382,260.8958398866976,228.8381333034136,230.00000000559837
510230.9188173477,225.88291631226733,225.88291631226733,225.88291631226733
154071.82061138708,262.1145223411769,47.92401353347561,60.94918470326363
583486.4504514385,259.4121357141781,207.42024872321073,244.9894339553465
518647.07858271024,227.7382441713974,227.7382441713974,227.7382441713974
180523.20308054585,230.00000000559837,96.6457468511906,96.6457468511906
512500.9411377175,230.00000000559837,218.0512988080069,226.93038356022032
1329518.533909445,407.379257184542,234.77248873306007,388.9748010350432
421142.4982253896,252.30793398543207,2.8521277334667,224.86624239427692
117799.60895212609,247.6357722933662,7.870439002629329,9.61318231983328
703772.7641836018,320.6790848749673,230.00000000559837,230.00000000559837
545537.7153319838,241.93702896144043,230.00000000559837,232.92587432021168
479197.6789051604,218.9058425225696,218.9058425225696,218.9058425225696
378235.4220615,230.00000000559837,166.65104362669473,166.65104362669473
502115.4603118058,230.00000000559837,210.60964828493218,224.90309264247048
486169.77741507493,230.00000000559837,189.12406234613368,230.00000000559837
539466.9906460224,260.1875169653388,215.3278147029339,230.00000000559837
554048.963082864,251.25540006482925,215.28515622959904,231.32909390725217
100596.61266606218,223.8082960830564,7.2137531394906595,7.2137531394906595
1442633.683039154,408.7838186367587,230.00000000559837,408.7838186367587
190054.4257328406,230.00000000559837,102.62457413291061,102.62457413291061
495578.8233951407,230.00000000559837,206.0098683870141,223.58140883662924
291381.09412682214,228.08085880141178,102.05804270535931,139.3726135314835
107262.94640405031,230.00000000559837,13.522880605199385,13.522880605199385
115031.21589852017,242.45045868281926,11.931687771966592,13.245597726766917
529207.7312426317,280.1418586184741,145.96471365704215,230.00000000559837
446796.6173567171,211.3756413016214,211.3756413016214,211.3756413016214
514913.04463160504,230.00000000559837,219.79333270137835,227.38992824337544
563429.0515373725,299.91805312660114,223.65565060333168,230.00000000559837
530164.8985113058,235.99725765844457,225.90500559779764,230.00000000559837
598457.5654641255,254.65862679992398,228.32493729897342,246.2814433780516
516346.70016316464,227.23263413584868,227.23263413584868,227.23263413584868
605003.306345219,378.62562418918816,164.7313669037639,230.00000000559837
428778.89456970093,207.06976953908577,207.06976953908577,207.06976953908577
145389.1959898342,227.12419068761992,72.64502735805593,72.64502735805593
262303.6346059728,258.9407874025496,18.033272362149226,170.24450438116446
539698.4040088163,274.6390152889173,185.5963497734065,231.6072653812143
555642.9368039023,266.6226406746075,193.05788478383303,240.37168312153975
571555.8153759297,263.6796248559566,198.02187722929185,243.3919888523953
105976.69587637608,230.00000000559837,4.699679127685216,4.699679127685216
749935.7637567082,343.2260351085628,214.96105075889912,245.99886805481717
586736.8122560494,259.489624820024,210.03571737517075,245.5683912060831
569438.6591845438,317.8658389047627,207.0424036981789,230.00000000559837
106162.89906333436,230.00000000559837,6.735160151992116,6.735160151992116
227936.86384293914,230.00000000559837,123.56013912149656,123.56013912149656
657883.3789920314,262.69834863082053,230.00000000559837,262.69834863082053
578926.0440813969,261.87332341842637,202.9811345080619,244.4572531828359
171699.67537762932,226.14350674034253,89.25982546980231,89.25982546980231
104288.39536441395,227.9964786978556,6.360097947069275,6.360097947069275
726772.3055140844,381.3068469753812,230.00000000559837,230.00000000559837
352337.41874610895,249.4214869300288,130.88121026395552,173.07218356060088
539567.205249524,275.07410206242486,185.0117906323911,230.9896031987878
701922.2225297912,287.69145564400395,226.5634462056908,287.69145564400395
568119.2373591766,257.9696166615322,230.00000000559837,236.72482137918342
529763.702725594,269.19496040718684,183.98334632133077,232.97638020126664
489530.14337276143,230.00000000559837,201.85063454918176,222.32149851660404
507542.5423904597,225.28704853818377,225.28704853818377,225.28704853818377
516041.9731189335,227.1655724617913,227.1655724617913,227.1655724617913
415902.1124285582,230.00000000559837,2.4383358864871787,230.00000000559837
114355.78505421561,242.26614165811884,9.160576790899336,10.136787257748326
532072.6038239149,234.8482272591463,229.75818720157477,230.00000000559837
550159.4212755739,273.18646953689256,228.7148134683392,230.00000000559837
499358.4506552339,223.46329690918682,223.46329690918682,223.46329690918682
486689.8744669363,220.61048807047598,220.61048807047598,220.61048807047598
977841.4132975242,330.6628872395829,227.08792715222344,330.6628872395829
647619.1141556986,260.98081856660446,226.63981653511297,260.98081856660446
593258.3534449144,257.3839377850563,217.9776988768973,246.14813074842004
105228.57945044691,225.26330775786494,21.625979187130902,21.625979187130902
1243372.9100576043,377.53345332334095,227.06919983963706,377.53345332334095
546605.6951957627,266.0361085016257,185.4579778208088,238.90919249554298
475024.4940087596,217.95056641558875,217.95056641558875,217.95056641558875
696904.260356134,292.5366022539088,230.00000000559837,266.0764206916618
511690.0180590747,226.2056626300665,226.2056626300665,226.2056626300665
252959.7054819521,230.00000000559837,135.62803244388752,135.62803244388752
373239.84441804513,226.76321403846134,183.84665278974316,183.84665278974316
453003.00964347157,212.838673563681,212.838673563681,212.838673563681
102531.25940588719,224.65615452552467,14.100017169734004,14.100017169734004
563399.0235424897,265.33698619868153,194.37165671519406,242.0975143071321
515693.5612768855,227.08887275181175,227.08887275181175,227.08887275181175
102246.61978393125,224.35697905823258,14.029039880097095,14.029039880097095
576612.7582330991,262.47729749081645,201.25877656199683,244.0621695800666
237068.22509030421,226.53844445872124,129.6287446203339,129.6287446203339
106239.48810909758,230.00000000559837,7.411883228531385,7.411883228531385
197052.60041500107,225.5213078445972,8.5327419358559,8.5327419358559
598516.620042071,254.58986001779923,228.533699901685,246.28769063394037
554024.9950971282,248.0066001583523,230.00000000559837,234.37800293941308
428596.1795040363,258.37507246898707,66.7446412325612,217.62414458177722
498212.4676306358,230.00000000559837,207.85240075327746,224.1185843270501
107428.48513353644,230.00000000559837,14.267467927009406,14.267467927009406
497031.7977787463,230.00000000559837,207.02438589779254,223.87857382747097
574485.2315584467,328.3545337978476,199.85879367008178,230.00000000559837
570508.3816597424,259.64255023503466,230.00000000559837,237.1152446884837
522317.32049483934,250.6940434884577,205.2454199521068,228.56986137116843
506819.09488138993,230.00000000559837,213.9651102996345,225.83152373448024
534041.7748270218,240.76194502733992,229.9463725499382,230.00000000559837
1348508.4831348292,407.9479515854614,234.39012313650773,393.2493164615795
549390.2433185397,244.69798231758375,230.00000000559837,233.58887510164828
174675.03820827953,230.00000000559837,92.78674353263578,92.78674353263578
560028.3740051449,252.26927829675407,230.00000000559837,235.38702827513413
109407.6505603834,224.74141538106636,12.029258938430246,12.029258938430246
155467.2058493087,226.72379862657354,81.13248742179559,81.13248742179559
179877.9375995798,230.00000000559837,96.22755426229882,96.22755426229882
1470210.2119796313,412.97854241692767,230.00000000559837,412.97854241692767
491231.85437047394,230.00000000559837,203.00897694985466,222.6798523532305
565359.1303493743,270.48133955183005,184.38462915668845,243.14978416257895
568946.1417251454,258.5491784911936,230.00000000559837,236.86018218246926
1130803.3546564556,358.5073678509258,226.47636988134485,358.5073678509258
106788.91157429635,227.6619112180564,19.77694344236477,19.77694344236477
124087.87852256735,256.75469230812575,7.549979706811888,9.72794677676643
1091583.863510037,367.27068505861473,230.00000000559837,367.27068505861473
310495.22432123916,227.21620808626818,13.52768474855592,227.21620808626818
122021.5002416538,254.3680009884815,4.822180464597412,6.25824020115688
834935.4900747698,303.02025008053147,224.0148593328435,303.02025008053147
341365.0479202215,249.51591796375462,141.15439843541037,177.40302645570023
732754.1046391963,279.9451072607909,230.00000000559837,279.9451072607909
368422.5180751296,266.526088306343,135.2349176676846,187.53114373709394
363278.6963092969,230.00000000559837,9.601332508946943,230.00000000559837
597892.9983075403,255.1993649214608,226.60968203744574,246.20921021777525
747461.47434063,354.5708553179008,230.00000000559837,230.00000000559837
1269681.0674004182,381.42513475701685,230.00000000559837,381.42513475701685
445280.2420092445,211.0166443694062,211.0166443694062,211.0166443694062
579947.1218571828,260.7006089615014,203.5873703598287,244.58674095093505
572661.7642234898,255.98689760461437,208.03891598837438,242.54505723445897
351414.0902637279,226.1316619039935,2.873602576092552,226.1316619039935
535822.4693164341,235.0151982353002,229.86320820442916,230.48740924850142
698056.5781477181,272.5145486191927,227.97274450549946,272.5145486191927
568635.9397617126,258.3318309943612,230.00000000559837,236.80943232536634
807525.8663757474,324.7540571125806,224.82945611423406,302.0254630031646
504987.8344473645,230.00000000559837,212.65517030566104,225.47217211436498
367230.0523671428,243.45197685696579,159.30512938193922,174.49209439972736
105817.1848451203,230.00000000559837,1.465641496487031,1.465641496487031
563868.628269549,254.9814930621607,230.00000000559837,236.02506622165734
552208.0176685743,246.71127312550615,230.00000000559837,234.06971838463892
351019.7936789216,230.00000000559837,99.45288868554722,223.34699510931566
381416.9763702983,255.74433274630752,148.97487716796218,185.2722658843651
500144.8301852973,223.63918041910665,223.63918041910665,223.63918041910665
544171.9810177033,233.27494100689498,233.27494100689498,233.27494100689498
202965.9485843154,251.25778382254651,85.21170766137706,109.1616181446091
551785.2008149014,246.40951531431472,230.00000000559837,233.9977813803814
493205.54637631297,230.00000000559837,204.3645912392862,223.09158738678465
104593.82775431302,227.8295774062362,9.881770287407186,9.881770287407186
1400593.8641498194,466.29487027235126,239.85064264603156,370.40503472380396
461729.7681396588,214.87898178734437,214.87898178734437,214.87898178734437
589988.3242346745,255.1424403041557,230.00000000559837,242.57122015487704
510838.2184835624,226.01730431176335,226.01730431176335,226.01730431176335
565566.4173286872,261.37928227730356,230.00000000559837,230.17157082401425
532218.7940494972,232.68516484035248,230.00000000559837,230.5178749846121
524954.1731080035,253.57404733336176,203.2059131530005,230.58486896434823
516319.05157650664,227.22655029210532,227.22655029210532,227.22655029210532
572086.3606972741,260.68307883238276,230.00000000559837,230.00000000559837
652333.8002541031,298.73249310371904,200.01191666342135,244.0070024739789
595775.5907727773,365.2545495069677,167.79360857647325,230.00000000559837
447451.6226833653,254.5624605910547,169.15052398049082,214.77344186156375
512723.5823180069,230.00000000559837,218.21194441796555,226.97296817437993
104917.29841547018,227.00260941958106,15.235357925203326,15.235357925203326
105802.60162146289,230.00000000559837,0.5702648849889473,0.5702648849889473
599029.4238671678,253.74317696427963,230.94541857319354,246.3159365740084
118767.47323179313,245.68843311817724,16.90646878256323,19.95574077582195
540172.9932590503,253.3965652344352,229.6983245778539,230.00000000559837
518705.3714974014,235.9718396336289,199.55616346462566,230.00000000559837
553894.2254032021,292.87886220159237,201.3189578583177,230.00000000559837
110282.93238297674,225.31186932547428,33.075775624120936,33.075775624120936
816386.0507951498,298.03230755867713,230.00000000559837,298.03230755867713
131713.3403661005,265.1914215625564,13.490380034914066,16.96380881540657
555126.922433886,263.16336236509426,190.57634857319368,240.34575391172052
1111622.5698489011,362.292002523705,233.6426769709741,352.83468665388693
115569.72152051819,241.6170371568784,16.224391940995407,17.752357679394926
386389.78928145475,230.00000000559837,170.6799096120932,170.6799096120932
579583.5973877531,257.10466404531087,209.46679885591692,243.92218522870502
105800.00001239328,230.00000000559837,0.0009514987491611326,0.0009514987491611326
567302.8863957712,316.92869146435993,199.00294714117206,230.00000000559837
473129.77903891116,217.51546589585558,217.51546589585558,217.51546589585558
154633.9671037926,230.00000000559837,78.12967353912508,78.12967353912508
1201870.4034279222,370.1469984044805,230.00000000559837,370.1469984044805
535635.3029506494,243.01389251786597,225.69042178595154,230.00000000559837
278226.7747806849,243.75740561351603,23.61971615648659,123.14826862707042
159897.1387169224,230.00000000559837,13.077454477057936,13.077454477057936
514191.8674151592,226.75799157144587,226.75799157144587,226.75799157144587
279995.7453492884,227.06280719358568,148.69461512107014,148.69461512107014
555164.3002516556,266.1696521931214,230.00000000559837,230.00000000559837
528112.0220238757,232.369274449432,226.257505803644,230.00000000559837
824880.9915568284,299.80847877263204,230.00000000559837,299.80847877263204
119003.82221000335,248.3790152056057,11.186961431684587,13.827740624343798
517755.02309144055,227.5423088332015,227.5423088332015,227.5423088332015
453149.3875684946,212.87305784633588,212.87305784633588,212.87305784633588
1491600.5801318882,475.6317476909665,239.8733997237398,377.5119070622885
510072.7044873677,225.8478922831399,225.8478922831399,225.8478922831399
495551.5022478171,230.00000000559837,205.99084183330461,223.57580166796862
750140.0145066039,343.2671093073511,188.8344587515672,262.1550213083417
541186.6574489123,253.0378549489552,203.1955122005696,236.21481272329544
487683.4999423852,230.00000000559837,200.60592652352244,221.92893732016785
515170.652066444,226.97371038656524,226.97371038656524,226.97371038656524
198698.35267519671,226.86591515126975,109.40867525038317,109.40867525038317
1064460.0771723408,400.86385103759415,240.80514435039967,306.3207691063386
541738.2028010868,244.14972806565345,230.00000000559837,230.00000000559837
514644.8340846752,226.85784846125011,226.85784846125011,226.85784846125011
494944.48887667357,230.00000000559837,205.56861358121455,223.45103560588097
164172.3484572487,243.58258412410163,4.992701106444523,5.480133431227635
581457.7327017287,341.2981599666194,191.8709070626899,230.00000000559837
537319.7870302263,256.99527837900314,192.07790173597306,236.19301716685504
1088399.3240301602,350.4638576274681,230.00000000559837,350.4638576274681
380814.77511063416,230.00000000559837,152.52198208635892,191.26099104597864
888265.3985354378,400.9250591965017,189.58668069262762,278.6352639802494
185340.69491993944,226.75488701973586,101.55364182617546,101.55364182617546
506977.58222791064,225.16162688786707,225.16162688786707,225.16162688786707
544772.1718626174,233.40355007210525,233.40355007210525,233.40355007210525
532767.0200946631,234.98136403005145,229.41960249381643,230.07858722018713
120966.96266406243,251.52394598021004,10.161824546523233,13.044416267841484
494531.48237398756,230.00000000559837,205.28189078391142,223.36593897732592
342982.7888491107,246.58417327795087,146.77111264738934,176.07197486710078
534842.0350383417,236.978682828242,230.00000000559837,230.00000000559837
581774.7945336308,341.89190831748283,191.38253836210416,230.00000000559837
513729.92761142144,226.6561112371386,226.6561112371386,226.6561112371386
710185.007287386,274.86019338980213,230.00000000559837,274.86019338980213
506056.28276616463,230.00000000559837,213.41895763267087,225.68215509008974
511832.8148165356,266.31035706035937,182.1450690828541,225.13845517496662
520798.0472173104,228.2100013621906,228.2100013621906,228.2100013621906
724555.6761214627,348.1853278363478,230.00000000559837,230.00000000559837
541590.8068829278,253.3174906208067,214.83972399202662,230.00000000559837
563021.780680998,307.72562812473524,205.59725409166595,230.00000000559837
166723.07299333712,258.7936919109845,59.85394779113667,77.17872397288116
751414.3362570077,358.6532146106441,190.81296535191692,261.2449969577286
515791.0291564325,227.11033203190746,227.11033203190746,227.11033203190746
558881.6632716524,266.1207060138384,193.3044404585715,241.16314743000612
873398.7841360617,309.7577247081401,230.00000000559837,309.7577247081401
526178.5321985927,254.3131518281945,198.0195464165513,232.75075159671292
124851.7409937975,256.34327687168275,12.1518531945543,15.69419953213393
578764.5645123371,267.837951482342,191.0777791263366,245.29730702448865
220718.7213886,224.65886217452066,44.36865279050538,69.59059502656564
257386.58130630202,230.00000000559837,115.39763043351657,115.39763043351657
1081649.6950077654,399.39735397376563,233.31974575732647,329.95447649115465
106389.55435149994,230.00000000559837,8.584538036125359,8.584538036125359
637486.487602621,252.48494759145962,252.48494759145962,252.48494759145962
565219.1279343818,280.8376955702051,219.4619471329185,231.84000207325184
255946.92471355613,242.1731183695959,123.41194026711311,136.3428570836303
147787.62933222018,230.00000000559837,72.44621222592463,72.44621222592463
279492.45777262165,251.26838444542327,117.99812564927399,151.17580187597338
490799.2469630833,230.00000000559837,202.71353938619245,222.58905262309648
1081426.8082366667,372.57900991533745,226.22904774015555,372.57900991533745
868449.3258057514,346.9218762640347,227.71819790391567,295.17070974725436
563505.1388363738,254.72527915490653,230.00000000559837,235.96491510810785
598405.0409973527,244.62318798457204,244.62318798457204,244.62318798457204
273155.7062312635,252.86523714638855,11.928263796490727,178.84631832228513
179636.27705864602,226.45962951607999,4.680627122435098,4.680627122435098
529333.9217371144,233.92925672065894,226.73999331091233,230.00000000559837
537209.6296822849,231.77783105428458,231.77783105428458,231.77783105428458
530049.0497140452,231.73009542780255,230.00000000559837,230.0238418310787
119290.62278519665,242.74666362892643,23.85549810482115,26.619229660359714
1172097.8121001206,365.0852318457585,230.00000000559837,365.0852318457585
551033.4125623198,250.34866402363878,230.00000000559837,231.7949641041376
126687.2433363687,230.00000000559837,51.09701964305037,51.09701964305037
563602.043914127,254.1915439191728,206.9464693665758,240.62435835822313
614538.3518718359,247.89884063299607,247.89884063299607,247.89884063299607
686333.3982013168,269.3820238518539,230.00000000559837,269.3820238518539
582100.9921024276,267.68995375126946,230.00000000559837,238.98162181380457
937458.6346452415,323.0053344385799,226.71465109142255,323.0053344385799
524743.4101305191,262.6075320635733,189.6892561956525,231.8460180574123
497144.1960298247,230.00000000559837,207.1030765221492,223.90147833069233
155687.61168621728,225.46925229774777,82.16967523272073,82.16967523272073
108775.54114925307,230.00000000559837,19.285814554040044,19.285814554040044
121104.77658925267,246.2452204389044,21.686878842544573,25.859502979613225
249454.91712972475,226.7044143243759,135.39993269081052,135.39993269081052
583634.0571587912,339.37907190220324,208.64477583657927,230.00000000559837
793540.6867375299,293.2022950823329,230.00000000559837,293.2022950823329
597473.8377330337,244.4327796620236,244.4327796620236,244.4327796620236
530222.5308146102,268.62406565566494,187.07431715727643,232.27880431364974
508317.54821958084,230.00000000559837,215.03984764696847,226.12363951378296
545941.6398965417,242.2269351716779,230.00000000559837,232.99569689494257
696510.7296050948,272.37360838176414,226.948969222019,272.37360838176414
528322.5205654416,263.80839514027195,193.11359489637556,229.37024950453642
164767.78345621194,248.21127605862566,65.7999164596245,81.11964260443685
536404.7041115941,248.62768006060284,218.32441388849065,230.00000000559837
563805.0048974477,265.2619399370775,194.50375477910282,242.17313926171624
599112.9988228469,253.48166100634995,231.6346527003208,246.30787218391924
707849.8780398648,274.3286983790418,230.00000000559837,274.3286983790418
841269.5752257917,396.21945737506167,230.00000000559837,230.00000000559837
550342.3752794556,245.37887435718326,230.00000000559837,233.75173243378862
601784.1460424497,372.8499815661454,182.78599408622372,230.00000000559837
732709.9532427331,280.6828341743429,226.32623140237175,280.6828341743429
158941.53061472825,230.00000000559837,5.874042256311347,5.874042256311347
569358.8475571679,258.8382212404673,230.00000000559837,236.92764831557997
555985.1636064048,247.02619590123908,228.6009224139506,234.8863115361334
558938.1465841571,251.4971860452037,230.00000000559837,235.20485430957862
523933.86113768443,270.9006015491128,182.5138515473621,227.62738994689929
303679.78745313274,224.93165483943054,5.3453568707908765,224.93165483943054
409949.7964027522,225.9014486139502,188.65502529634432,188.65502529634432
584099.6949993926,260.36606131245924,207.41985021372886,245.23460680128008
512415.9171107395,250.2201961763304,186.22804757586144,235.8768323725692
561590.7796908234,253.37415142694624,230.00000000559837,235.6472956279556
510120.3165863342,225.85843278176137,225.85843278176137,225.85843278176137
538164.439869988,249.87812888701774,229.14805125864632,230.00000000559837
499763.03038053156,230.00000000559837,208.94432973863073,224.43185592171386
492028.1485418146,230.00000000559837,203.55441724193312,222.8464613930076
1252067.744565484,378.7982724251711,228.2133815392198,378.7982724251711
109216.5147135561,222.52684724769395,35.67232684721988,35.67232684721988
166135.1620219542,248.81840323880914,66.0569312486702,82.1967898014542
720920.5775659836,278.0243753582461,226.4289637162616,278.0243753582461
566879.8327130389,251.4571640231824,212.9347577392475,240.6944688653016
429007.20000709785,224.86121760071416,177.2228800986511,224.86121760071416
109057.79660524525,226.72777077620725,6.359377710733948,6.359377710733948
496772.6270277036,230.00000000559837,206.84305117025866,223.82571479410126
513848.65414004284,246.81235586827415,198.70311600582264,230.1101670195174
514064.45864174864,251.6658473960911,200.35945592693903,227.34218311303977
106166.01937850147,230.00000000559837,6.764053641779537,6.764053641779537
122988.97051021877,253.56660370351108,12.404534114825061,16.082386765569595
552276.2503926789,289.5160213821196,202.71062467264196,230.00000000559837
784553.4378914615,347.22248136843353,234.46588745643248,266.0954866745517
588262.3794422722,259.0672073969177,211.42345396467914,245.62936068105665
107463.45569060859,230.00000000559837,14.419846069991962,14.419846069991962
530654.7870970123,230.35945543802023,230.35945543802023,230.35945543802023
105818.87660222038,230.00000000559837,1.5360906984079916,1.5360906984079916
300246.7733477623,225.38959894107592,157.57769144382564,157.57769144382564
554739.948299229,266.75299481334895,193.0801170307159,240.12931045893075
511703.0371979398,230.00000000559837,217.47585186680692,226.7774829320184
1118427.222376836,426.7192657773968,243.5919503414702,316.2325215483495
547271.5468562177,243.1807429206703,230.00000000559837,233.2250695512806
600240.571638489,268.60924175205065,199.4345845046969,249.35097973742148
106522.49862694973,225.47614730095415,24.605671662206692,24.605671662206692
388485.4225477476,230.00000000559837,187.9778652337148,187.9778652337148
265220.5944302369,225.14845028271768,143.10701638145582,143.10701638145582
618493.6782429226,248.69533132789658,248.69533132789658,248.69533132789658
565248.480424063,255.95313839914468,230.00000000559837,236.25295650150045
518395.71329079225,227.68305015762422,227.68305015762422,227.68305015762422
555719.3531088969,266.6114098916509,193.05795431370402,240.39172549810615
1020019.4724133346,370.93787199030504,237.5537591636952,321.56315585675804
476875.329467084,252.06918380441647,179.00176406080357,221.22765565078276
567158.931219728,264.6127546644544,195.80128848455269,242.75100788535386
497911.0912920725,230.00000000559837,207.64074904142237,224.0574420392993
428826.8534564146,207.08134958426714,207.08134958426714,207.08134958426714
606912.5896010734,381.1278184181489,173.56894095066218,230.00000000559837
748206.9087112881,367.5065015044444,224.8110472600619,224.8110472600619
106329.76388305257,230.00000000559837,8.137596987917304,8.137596987917304
167922.63226423837,255.11103952106936,28.258446440275346,37.553118337628206
105945.62461082813,230.00000000559837,4.266506265049166,4.266506265049166
571876.9738426247,279.4061887248523,208.84198093793853,230.00000000559837
162946.00637915454,266.50041321629277,51.989567004098014,65.06632252763474
503850.8275141137,224.4662173945366,224.4662173945366,224.4662173945366
542194.0558668574,239.53359673402414,230.00000000559837,232.34503395440146
279665.23924014444,224.78924823757208,149.41754707602067,149.41754707602067
151715.18550749423,230.00000000559837,6.755721796449699,6.755721796449699
700397.6554146447,325.0193927767428,219.24885233960106,251.87177737733776
553383.5550101,247.5495820118748,230.00000000559837,234.26932743104294
1164444.9769172682,364.0032936803452,228.5364242699082,364.0032936803452
510638.63947782683,225.9731487318409,225.9731487318409,225.9731487318409
106289.23680158162,230.00000000559837,7.8201406351733995,7.8201406351733995
686505.7542782784,269.6920341366227,228.730636409166,269.6920341366227
538759.0831628586,256.34499336535873,220.73044716923746,230.00000000559837
551558.0293548661,246.2473358239738,230.00000000559837,233.95909983904147
582826.3783049828,268.18956016415314,230.00000000559837,239.0969223334579
1150241.7403078063,361.3242553964956,230.00000000559837,361.3242553964956
387091.01790249895,252.01032278598822,153.11495959997413,195.09899678441678
190792.62245021277,230.00000000559837,103.07316724362741,103.07316724362741
350042.1631386647,230.00000000559837,174.72913435282987,174.72913435282987
580755.2021088599,266.7618012334737,230.00000000559837,238.76725725877145
285796.88674194395,260.2395260377454,108.28123567482172,149.1635031903853
400509.81690847955,230.00000000559837,191.93417390583716,191.93417390583716
514091.3735437508,226.73583165078932,226.73583165078932,226.73583165078932
146367.50216477923,252.19725050810825,44.25090554433718,56.428106895729925
1051312.492776212,344.2856285410225,226.99310630183965,344.2856285410225
453800.1486797044,213.02585492838762,213.02585492838762,213.02585492838762
1352112.822713319,482.78834335551875,200.124706929622,352.1571442438137
129205.59479688191,264.1528786442031,5.991813643956212,7.54757933457925
639002.1115259434,252.78491084832248,252.78491084832248,252.78491084832248
961072.4619380169,353.429026804467,230.00000000559837,353.429026804467
1118050.1621794384,355.71234202904174,230.00000000559837,355.71234202904174
318506.7037389915,225.96161993795187,164.46481248622177,164.46481248622177
502520.46647780703,230.00000000559837,210.8973142216544,224.98374576752104
131076.08440570612,265.7973870946465,9.464410678540824,11.879479992683065
1401598.8204875337,402.9669240086737,226.42889140681228,402.9669240086737
545080.8114837016,241.60898158607236,230.00000000559837,232.84680508458916
165534.24998722307,227.31274780690575,88.17034603267359,88.17034603267359
517498.3871337703,227.48590882377096,227.48590882377096,227.48590882377096
516854.026420483,230.00000000559837,221.19727973574808,227.75687059310735
531077.5306823035,233.00907913846902,230.00000000559837,230.00000000559837
721101.3340581752,321.24984798237415,226.67725762391086,226.67725762391086
512510.86879410566,226.38702895574775,226.38702895574775,226.38702895574775
568036.691190331,238.33520327268715,238.33520327268715,238.33520327268715
571056.0402160377,325.491846682465,187.55676679816662,230.00000000559837
583256.2510727679,337.6539552514849,211.41949766150177,230.00000000559837
507474.14784060133,225.2718686033836,225.2718686033836,225.2718686033836
760217.651016287,310.12229905793896,226.69143441392237,290.8757505525815
800709.7878379732,315.1879496206824,236.37459697394544,285.8545026477367
719679.8833208997,277.0108037865466,230.00000000559837,277.0108037865466
730030.3324484936,353.81029643278407,227.58324189962477,227.58324189962477
610426.6222409237,260.9463177519067,223.74766607662988,249.22438104000548
311193.531474204,230.00000000559837,160.23168049306506,160.23168049306506
223211.78349118447,246.1622605798017,101.42316658933704,120.75650423500298
443510.3757851033,210.59686032443676,210.59686032443676,210.59686032443676
542666.9033262718,265.3151677631559,218.50878164240103,230.00000000559837
111520.44792429039,225.7800654865711,34.581736476877765,34.581736476877765
316953.8335397895,248.85314756880615,17.880293812575868,209.67026711131095
117882.59104685063,242.947047294889,20.119875752854057,22.537664539772756
513519.1189913214,226.60960239833648,226.60960239833648,226.60960239833648
294418.473839966,246.94757714948017,129.43912556564086,156.27048620191323
107312.43539265178,230.00000000559837,13.749706303687436,13.749706303687436
113427.05426133164,242.0479323136477,0.27710768863297985,0.3054774976850084
558089.4202393452,266.2482768378899,193.20025858661526,240.9799309831062
146938.2922690579,226.87711348957455,74.15511025743214,74.15511025743214
186593.21620624934,224.32135314976387,103.65391770717544,103.65391770717544
496280.01668393606,230.00000000559837,206.49882429212073,223.72506962712492
956574.5351920719,362.55464336712004,238.30906364975053,305.20924149263294
343574.62292933883,241.83725348648616,138.8949178239043,144.41116167201912
572908.0820569163,320.7370764736475,213.54801346752882,230.00000000559837
498952.2116814222,230.00000000559837,208.3727286328737,224.26831014766597
513062.65175960236,230.00000000559837,218.45665975531304,227.03775579166194
1035929.726941406,340.9783216966028,230.00000000559837,340.9783216966028
517330.862635369,227.44908499164578,227.44908499164578,227.44908499164578
900649.556543208,362.64215621293994,240.53863967377316,280.0896409465207
530305.3570919086,231.02934859479205,230.00000000559837,230.00000000559837
552230.876450473,263.4411692958128,225.28626265439686,230.00000000559837
317539.4841531166,230.00000000559837,5.90517014287403,230.00000000559837
557761.9980602082,250.6632232541582,230.00000000559837,235.0077983314828
1428279.5052353935,406.8880094531089,227.83402658699552,406.8880094531089
445596.640039545,211.09160097918274,211.09160097918274,211.09160097918274
140560.46876420898,226.4502658449103,40.59747366710169,40.59747366710169
539679.6747017674,274.68456227531925,185.53194961151507,231.54350053362424
554366.2221703044,266.8056475941806,193.102178196199,240.02589888666424
153613.67530870487,225.38729985141003,13.176659590658357,13.176659590658357
218662.68654694836,259.20475287537477,6.496643100190266,73.16919512962535
186133.94017873888,226.09149165737884,68.43333813611511,68.43333813611511
606615.3504349225,264.68482336781665,226.41778721145604,245.55130528963633
587043.8633341135,242.28988079036927,242.28988079036927,242.28988079036927
1203291.8239590554,370.38693010720306,230.00000000559837,370.38693010720306
320125.4828892132,245.28036964166824,74.9485327490385,173.69983102792935
846858.8351389363,305.33506310846536,224.7474460715095,305.33506310846536
106150.29677675682,230.00000000559837,6.617181911568751,6.617181911568751
743949.6394766642,283.4097917058379,225.14524112080713,283.4097917058379
161282.65069393467,225.18762289993464,86.50413261752897,86.50413261752897
281696.4442977786,253.74522945704533,78.27698967589943,142.60023029950182
463739.48064276937,215.3461122571683,215.3461122571683,215.3461122571683
502563.1527217619,224.1792034783249,224.1792034783249,224.1792034783249
517929.7729275336,227.58070500979068,227.58070500979068,227.58070500979068
541604.6890062692,259.32226518407236,225.57419282644554,230.00000000559837
175275.90524232443,230.00000000559837,93.19060121410712,93.19060121410712
529154.0483171021,230.33464422913588,229.999999922473,230.00000000559837
514840.1807653837,230.00000000559837,219.74066272994997,227.37610452893665
1099988.9859728003,430.7176932168404,197.2673536312533,320.67801710655016
603478.5635869682,245.65800690939594,245.65800690939594,245.65800690939594
130490.52550142811,266.3923039197736,1.7514066525324452,2.1930351297371438
515488.80257999455,227.04378489181212,227.04378489181212,227.04378489181212
519546.7909090196,227.93569069126045,227.93569069126045,227.93569069126045
103252.71655156332,226.3921252701245,9.656136539241754,9.656136539241754
537430.5473834018,231.8254833669935,231.8254833669935,231.8254833669935
509675.0852717017,230.00000000559837,216.01546148172554,226.3868275621157
105516.88309224878,225.71977508441154,21.26631539528568,21.26631539528568
778507.5193113479,306.65387582909244,235.84963938998644,283.5328890783046
657106.5856192997,281.68665648812794,228.04269706698878,248.90284533498823
571835.0385514365,260.5694152053705,230.00000000559837,237.33116385682584
146731.22408087345,225.83376377500286,74.77419872464856,74.77419872464856
116325.15739179595,244.70928398843802,10.700779900570348,12.400881498275782
500614.5020070004,230.00000000559837,209.54595398540104,224.60297531667706
239726.55876786422,225.95011800662994,131.15813314156514,131.15813314156514
497914.56108588504,223.1399921766345,223.1399921766345,223.1399921766345
255814.94801430783,227.99732047388946,21.77389699795396,117.55620659242493
105308.61650637859,226.92638837995563,17.020006683450745,17.020006683450745
108570.22954415165,225.45324619181608,7.599131290946345,7.599131290946345
104669.29120809842,227.12655688471628,13.676373438735002,13.676373438735002
233035.8290926002,252.50412797273222,98.42512726911094,127.11197286577791
522614.6990701331,253.27666950549133,197.87240414981784,231.8462573392853
571917.3789577526,319.42299263020476,212.97114255794372,230.00000000559837
536321.7023273323,271.2997874977424,184.11187831255947,234.57229869658352
601414.3393894067,245.23750516375074,245.23750516375074,245.23750516375074
544275.7344471728,247.52561937378343,228.58603437182126,230.00000000559837
1020528.3683034198,351.58585309654944,227.47899801961256,351.58585309654944
328502.6306869024,230.00000000559837,166.84672257859606,166.84672257859606
993273.7854703772,343.63505162728734,234.2724997917618,331.79450196419157
1011306.2469743846,336.4346606269251,230.00000000559837,336.4346606269251
505071.3624518695,230.00000000559837,212.71482830901414,225.488620530113
540884.409089383,254.7567122254927,229.743663331649,230.00000000559837
537004.7738777112,248.01233339273713,222.52635383009965,230.00000000559837
594162.0517686345,243.75439519496555,243.75439519496555,243.75439519496555
837621.4547562072,302.45277622115174,230.00000000559837,302.45277622115174
631672.5363026012,359.58176167388393,230.00000000559837,230.00000000559837
539015.9117653306,258.4322168840307,194.2323745627619,236.5011002937833
619412.5765484596,248.8800065389865,248.8800065389865,248.8800065389865
801703.0880316013,321.7206121866099,237.36688129917943,280.9267659313922
276878.1752854464,226.23331701902293,147.6969650274621,147.6969650274621
124374.7139233271,226.3941570464181,52.28059538898092,52.28059538898092
101059.97297427295,224.7821226009582,0.86369064836265,0.86369064836265
1301269.0208529371,463.59560420530465,243.3679858167099,343.61953972873636
504741.7739601407,230.00000000559837,212.47948067952592,225.4236852557329
544312.4905647009,250.67112117629,226.9102154899098,230.00000000559837
505913.35621686,224.9251778296196,224.9251778296196,224.9251778296196
164153.26956483186,230.00000000559837,85.40584696003063,85.40584696003063
367325.2891793116,230.00000000559837,180.80558936816678,180.80558936816678
530116.1439449111,232.41373507687373,229.9999992867954,230.00000000559837
105832.29024678362,226.9179503941387,18.87053862714992,18.87053862714992
548742.7130230133,271.6433647110731,227.3213628888624,230.00000000559837
248388.41985173812,225.94766580009224,103.55615568372886,103.55615568372886
761256.6652825418,329.7412727652302,233.22506677777346,260.79205725768014
110828.07541406396,230.00000000559837,25.070090269366514,25.070090269366514
598018.3859773492,255.0931973849447,226.95711905725256,246.22676419879485
354958.17648993223,225.62442383398226,82.92285983667553,225.62442383398226
953473.922081697,325.513809629589,230.00000000559837,325.513809629589
213815.04040818926,230.00000000559837,19.213885594747516,19.213885594747516
554403.7515646002,248.27632150798973,230.00000000559837,234.442093642925
511041.18916882476,226.0622014333278,226.0622014333278,226.0622014333278
558595.3815604876,302.48431752994884,196.70231065889087,230.00000000559837
514171.8369912902,226.7535748320829,226.7535748320829,226.7535748320829
248482.5700926569,263.1068253972343,101.98198136939632,128.54709712603596
331311.37108947936,230.00000000559837,167.89556690258715,167.89556690258715
534039.1596609503,253.9163631981099,218.75427049606745,230.00000000559837
554942.7691746539,294.90234428268604,200.92278932430864,230.00000000559837
574891.1547415045,262.6988052953088,230.00000000559837,237.8262218634644
567891.4528641811,311.9966226122639,214.99163183770816,230.00000000559837
539956.9816447862,256.11663742745776,225.50277386841893,230.00000000559837
348456.43571522756,242.91204966058402,156.73271601424702,175.44816497446823
109618.64709692674,230.00000000559837,21.847903480014494,21.847903480014494
571321.9415089391,260.2111196800239,230.00000000559837,237.24772868592524
495549.33716642566,230.00000000559837,205.98933412928085,223.57535729513236
159312.18869240233,230.00000000559837,9.351765949935304,9.351765949935304
850193.605025707,403.1196649224775,184.33760345992724,255.53987100458565
551859.8072257424,282.6853200267866,218.5823596397509,230.00000000559837
515574.7297671185,227.0627071465322,227.0627071465322,227.0627071465322
103204.9431590443,226.50968960993202,8.599885062231877,8.599885062231877
108318.77177368953,225.59862867937113,28.56853437276752,28.56853437276752
218454.06554156725,227.69279692760858,21.90881264921929,57.53242177236537
467461.61149828095,216.20860563314332,216.20860563314332,216.20860563314332
172447.62406143642,258.0289072323765,31.63349298769923,43.21195800333982
130231.30487784027,230.00000000559837,55.26222135497472,55.26222135497472
541782.2118019986,272.4469679122983,188.87451966666683,234.44486299016694
107993.62481443903,230.00000000559837,16.55907911573185,16.55907911573185
111667.51513313779,225.92173551253123,34.61620642695694,34.61620642695694
741561.4347930728,281.9045571616221,230.00000000559837,281.9045571616221
549236.0322923006,280.46180926346807,212.81383979762688,230.00000000559837
245202.96052971648,240.7010781996556,121.50082450254489,130.87408586289195
466093.63562981365,215.89201829382523,215.89201829382523,215.89201829382523
536489.787061054,251.23157619412416,221.45938172225746,230.00000000559837
511808.79864951555,226.23191610591013,226.23191610591013,226.23191610591013
1654667.776690067,459.38284821387145,234.8668447444189,437.5079470748306
317487.3615491312,230.00000000559837,4.673369600186317,230.00000000559837
116825.48710461712,230.00000000559837,37.12392607784539,37.12392607784539
251077.65905158248,264.5400065956835,101.79739474206744,128.17260072918282
102980.31857126621,226.5500783836586,6.426921307890342,6.426921307890342
541735.1229281133,239.20323443211643,230.00000000559837,232.26490725142233
530990.3327555836,233.62776031628027,230.00000000559837,230.00000000559837
597018.2652786045,255.81145847568163,224.4958627596042,246.18294445700332
508019.30424189125,225.3928357871854,225.3928357871854,225.3928357871854
399529.2576264839,225.61680535881226,1.31821468110605,225.61680535881226
563301.9967597313,254.58204340320245,230.00000000559837,235.93127695470713
104925.5656839778,226.2603546463879,17.81175705313544,17.81175705313544
124185.18140694375,230.00000000559837,47.938999522561566,47.938999522561566
133736.35906103262,260.8140774199664,12.37746959794444,17.05942763061658
516057.57895740226,230.00000000559837,220.6209967317819,227.60660359068862
506453.8314314795,230.00000000559837,213.70350659235584,225.7600567382753
514167.266770366,226.75256707926505,226.75256707926505,226.75256707926505
547087.3705605315,269.59985899821413,189.69576554042325,237.5214573216784
181163.70197404097,230.00000000559837,64.58423848756388,64.58423848756388
503654.5218586153,224.42248591854946,224.42248591854946,224.42248591854946
520502.14326762897,250.91407642198968,199.64248486551307,231.29181689080303
1105461.1237219656,353.4934800878255,230.00000000559837,353.4934800878255
557783.6637078859,258.4786941116803,230.00000000559837,231.69114663413973
1057931.4491647752,344.9875811459785,230.00000000559837,344.9875811459785
496779.2820045961,230.00000000559837,206.84770550552477,223.82707289794888
344454.51540627267,230.00000000559837,13.142248008765256,230.00000000559837
313405.88183148665,251.14031727581556,130.04091084042295,166.43288759425752
587443.9253675931,251.69321419876667,228.79353581713707,244.05131454397568
106353.6825877935,230.00000000559837,8.319274176896545,8.319274176896545
985871.5199740272,397.4744836017129,243.71602107108902,294.5668568531254
525669.5356636071,241.15229065303856,216.93837119786207,230.00000000559837
591769.0987298759,257.79391452728254,215.91832382487956,246.05531291002478
512953.72969305073,226.48481840800073,226.48481840800073,226.48481840800073
128762.14164069718,230.00000000559837,53.57487941604102,53.57487941604102
560227.7897556835,255.91360404723557,202.24526489304174,240.26558087422296
508612.7256638326,225.52443895592174,225.52443895592174,225.52443895592174
555577.3769777095,253.71388493088713,205.34014700786497,239.2171695258216
104300.11867006768,225.35991886457325,18.459186766938068,18.459186766938068
599092.6417532584,253.5559750661841,231.4413314990019,246.3109168821254
1376171.7640614547,398.4927483744692,230.00000000559837,398.4927483744692
512084.5139433114,286.7983466650997,149.5588154294838,230.00000000559837
221563.40973873914,261.4924535729633,72.24526682299867,99.54195021575546
504291.18925141427,230.00000000559837,212.1579703475125,225.33477037703403
432752.8206731774,230.00000000559837,202.1610807833777,202.1610807833777
514233.01894978614,230.00000000559837,219.30187965351934,227.26077468538347
553395.0166775462,268.9500678666689,184.30352348566956,240.53876373624394
116171.77659317826,240.9595299939745,19.539195120064626,21.139197054019256
510862.18675106805,249.07859774166687,201.70344894694736,225.86198183216405
509392.0427197456,225.69715167005222,225.69715167005222,225.69715167005222
1395814.9842846547,402.0100385506282,226.84622051164328,402.0100385506282
558617.3677040228,251.26983836270608,230.00000000559837,235.15116417223362
291651.8206593471,230.00000000559837,12.48840035288952,196.43706170227154
201085.3678260729,244.93427946519995,92.21931658613293,107.32802998475421
543434.8807223751,264.02041935518224,223.77191783107693,230.00000000559837
504024.93089369097,230.00000000559837,211.96811620896585,225.28215194488507
933593.2382694066,321.6739883531648,230.00000000559837,321.6739883531648
812645.1718463427,355.2902305637134,238.77589323044225,270.64530448321057
114031.37503233727,241.33358265058487,10.823939330884372,11.785556560152248
666797.4341550549,265.5360533380796,226.62995077454704,265.5360533380796
120337.92554337176,250.75372165522018,9.769535872034474,12.46191194538465
294093.481967935,259.95847679422917,101.82948503073727,140.01527725889878
914158.6515281602,379.9185573944894,193.56035266413062,296.5994242769342
573472.5712525225,261.7113918763861,230.00000000559837,237.59682872446996
562463.265000997,265.50707845435545,194.08880939050013,241.91824760852245
525374.4314607244,266.4288439597684,179.81604142261514,230.00000000559837
127284.603287683,227.93416593565416,54.0562615315265,54.0562615315265
154207.51316944257,248.3324271871715,3.498161796876675,4.171595370501305
267424.26000486745,225.0172207344571,144.11746977324984,144.11746977324984
489498.1709168305,230.00000000559837,201.82897118783046,222.3147349222221
613521.270789989,327.46882278051106,230.00000000559837,230.00000000559837
608355.9638985144,251.66665452578937,225.4629946320352,251.66665452578937
141620.4026460104,257.75171903525325,38.80885486228245,50.012856478977696
551467.4498556358,246.1826605363483,230.00000000559837,233.94367036139914
220809.4287628872,260.33920451484744,15.682044507835004,78.41909942399761
207269.72130588634,263.0376621103822,16.695297285508765,23.845119823137026
1052693.6875470316,344.66203696863937,226.22812571391026,344.66203696863937
500623.2777679697,242.25309918901303,195.16069694136553,230.00000000559837
104161.346363356,226.49894799726837,13.954387641604987,13.954387641604987
441796.6191950987,253.69691195028068,24.490563762687717,235.32007851470462
784426.3155412949,370.6023184475264,227.02888949002175,227.02888949002175
629637.4717547368,250.92578021294202,250.92578021294202,250.92578021294202
448652.32884075854,211.81414703479052,211.81414703479052,211.81414703479052
914742.4871189301,387.3566324612725,189.98042131197295,289.9176987929476
578897.6290960837,240.60291542208788,240.60291542208788,240.60291542208788
395889.95315847686,230.00000000559837,190.42385392635504,190.42385392635504
396191.2670313391,230.00000000559837,190.5227240469587,190.5227240469587
537370.6385250317,246.99062098743988,215.95603362247746,230.00000000559837
570909.9464196404,263.82282910601606,197.66046892188274,243.30564442846978
550196.3905952336,268.29321828332957,191.07231319539812,238.7260351009024
210243.79031543882,243.6857830266476,6.760674387066449,7.179462839614203
937652.4356520168,323.1344722973325,226.19166447618318,323.1344722973325
553283.7891676212,291.8976762088705,200.74690644100855,230.00000000559837
552716.5876308313,289.62757010368546,205.1654027404305,230.00000000559837
174100.7958382729,246.7114667654167,73.88494237120621,88.83408545137638
1096649.570829011,351.9320905416023,230.00000000559837,351.9320905416023
1458839.559364727,474.12490454077977,240.37134042051125,368.69424078770567
580692.4307606425,261.38531376592886,204.40207793559665,244.73964500183794
109483.72662822428,230.00000000559837,21.458467510151372,21.458467510151372
515968.7509539326,230.00000000559837,220.55673997540705,227.58981842360407
280376.10976923356,227.39251820202196,148.7285258031894,148.7285258031894
534226.418071454,241.26514986642533,229.81770758743053,230.00000000559837
440726.0263591623,230.00000000559837,107.77610545450668,230.00000000559837
105847.12413665937,230.00000000559837,2.427038614981523,2.427038614981523
963435.3565061761,436.00202765081826,223.6953214994191,246.2006290995029
525577.3809890536,258.41556694070914,194.4203703106993,232.21511808771663
832779.9212836399,356.32989750848037,242.56635717515076,264.910554145981
508451.8780361839,230.00000000559837,215.13630718872125,226.14974341020314
107104.51239471941,230.00000000559837,12.769653428974278,12.769653428974278
105151.15736996332,226.23988927898242,18.648667405577747,18.648667405577747
1423730.361350683,456.85750312228055,238.85501242547278,376.60677110628376
565958.3045784314,264.85118063646564,195.2956116734894,242.5534696328105
109111.42403011218,230.00000000559837,20.345220645650702,20.345220645650702
397724.04665859306,230.00000000559837,95.61040152718112,230.00000000559837
817742.7736535193,344.38884837845035,240.83684098992734,266.3680214667668
491043.7796626036,230.00000000559837,202.88045808539314,222.6404023201878
553024.8237349266,287.91279559561167,211.7007638813033,230.00000000559837
663316.6408707177,264.8884378039726,225.82024379236393,264.8884378039726
428686.91384006536,207.0475582662267,207.0475582662267,207.0475582662267
1187109.4388435625,368.0072221597995,227.67840735276843,368.0072221597995
508010.36255234515,225.39085219953918,225.39085219953918,225.39085219953918
106848.4851381652,230.00000000559837,11.448171977518424,11.448171977518424
515402.4940114242,227.0247770644042,227.0247770644042,227.0247770644042
830366.5160039281,309.1925454349219,234.07249250692,299.3648961721212
161047.21435722266,230.00000000559837,18.311644809858453,18.311644809858453
559015.017662384,251.55165571346768,230.00000000559837,235.21771452454738
757171.2785590863,322.40127827126713,233.55598573475294,262.6661452302253
377372.1355043001,230.00000000559837,184.2458057525156,184.2458057525156
640598.5613191936,287.9673867234542,226.89854489538268,226.89854489538268
219000.79609024982,227.4602049355187,44.81111613022142,44.81111613022142
114027.35631248938,226.5019416333912,37.78408591109671,37.78408591109671
109886.47236874276,230.00000000559837,22.601085050258853,22.601085050258853
207766.40345486117,265.4078986861684,81.05491057367176,101.86504905797106
501717.0259536298,230.00000000559837,210.32691157230084,224.82361318810507
446887.05962830613,211.3970339499365,211.3970339499365,211.3970339499365
544138.3875015733,264.2290177931263,225.56941040722836,230.00000000559837
108357.52576807167,230.00000000559837,17.879897101637535,17.879897101637535
606265.3911224137,269.4747595927359,201.71394954640792,250.5327108637091
883491.7371880418,312.32998394039686,227.03698624053902,312.32998394039686
524291.930047434,265.3032423448658,189.4183765646993,228.020739194883
128649.77467656747,263.2839592030043,6.608676734882121,8.325687188696483
514756.6951427598,226.88250156033627,226.88250156033627,226.88250156033627
106438.63000498728,230.00000000559837,8.934693614198414,8.934693614198414
597458.458731242,255.5267904561056,225.5032301127289,246.15134792669835
734269.5814048193,309.39223135242037,226.12024115442267,267.75623625342155
547123.8744155023,278.0599746435861,208.3186808085841,230.00000000559837
124011.49961262011,230.00000000559837,47.71202627151464,47.71202627151464
1209899.3302431747,403.5160171856242,236.97318581962094,357.74481756861474
635828.9506578298,268.5420862417268,225.5910901583757,254.77365596424812
1210939.125992459,372.3599465967862,225.52570513798133,372.3599465967862
289800.22888771293,230.00000000559837,136.85249038915023,136.85249038915023
313195.4142630951,225.72452966084066,13.120136837034691,225.72452966084066
563310.1505309372,285.8760282346697,223.5079548480997,230.00000000559837
935646.5948807386,377.3271005910122,241.6916636296841,282.7572494480408
596431.9792088366,256.1397698286908,223.27714793573543,246.20731869138595
528484.7721647547,251.05761478586953,205.4876688271413,232.1355134745088
543004.6537795122,266.6742602816214,187.25747554973066,237.79430067556467
577748.6859621281,262.1854073810391,202.08525357050553,244.25970389243173
567070.4172288505,257.23369566280223,230.00000000559837,236.55277738561733
478007.9526105548,218.63392980289103,218.63392980289103,218.63392980289103
582765.4939087019,250.06762828298258,228.8938093941752,242.97928738041549
657577.3418413668,263.13869430200157,227.64178255503646,263.13869430200157
544034.9389921997,251.3864435466704,230.00000000559837,230.00000000559837
324018.29431467026,247.96803777639838,137.97042304257545,169.43599869904165
266221.31602535007,230.00000000559837,18.554331098015126,124.27716555180675
107390.26856019306,230.00000000559837,14.099062712830227,14.099062712830227
547742.4159388476,243.5181878817491,230.00000000559837,233.3060934893459
105678.83655182648,226.06532187909693,20.819993513528882,20.819993513528882
318342.93480787094,230.00000000559837,15.35362166086155,230.00000000559837
392075.07025110535,224.69115415689922,190.75600932158943,190.75600932158943
639983.7114522184,258.4046515271803,230.00000000559837,258.4046515271803
515837.18110817135,255.0146375752628,197.21398534083895,228.68829337851454
582435.7859750416,267.9206000229989,230.00000000559837,239.03485852185662
591825.845639134,359.25693327811535,175.97804636533073,230.00000000559837
1129210.6890243147,357.66791319238513,230.00000000559837,357.66791319238513
581255.4328147047,267.1069846395436,230.00000000559837,238.8470053053597
566067.6561326211,252.82727642276785,210.1771514801614,240.85422738436864
539605.7096362716,274.9037295430094,185.23241162150484,231.2337587965804
503808.1467600044,230.00000000559837,211.81361355841315,225.2392681478366
534429.9855731424,241.59070981952067,229.9209872947784,230.00000000559837
568370.5859164556,259.40138242080127,230.00000000559837,235.72585470140956
935142.2953941119,321.97482343130525,230.00000000559837,321.97482343130525
110829.27416971987,230.00000000559837,25.073078601782672,25.073078601782672
560741.5096026303,297.322941684211,220.36019967743297,230.00000000559837
576911.4696838292,264.1020303950063,230.00000000559837,238.1517324338201
779026.1623709792,290.09183079798817,230.00000000559837,290.09183079798817
596971.0117448894,255.83983835402938,224.39299084607805,246.185580272172
543795.2219064111,240.68530500505435,230.00000000559837,232.6238192976594
571963.8313592223,260.6741500695131,230.00000000559837,230.00000000559837
123024.43139067963,253.5287287300913,12.616687266095589,16.35598149954309
253399.41220930748,226.95607162987315,88.84741452874046,88.84741452874046
578559.4157366089,265.2439702470821,230.00000000559837,238.41622968190626
107109.21947457739,230.00000000559837,12.792671092401365,12.792671092401365
594239.0728573236,270.3388769935121,193.67296860165186,248.52927385016216
598858.3825108862,254.10287330963698,229.95559238456008,246.31450705692447
1366468.3547221008,397.53071868374934,226.07850002195542,397.53071868374934
493017.6779791325,230.00000000559837,196.2321869213287,230.00000000559837
509888.61526524613,248.78286981700626,199.93506610755378,227.87677588035962
866440.349966702,363.27000194240696,242.21710293108072,270.76326198137224
102463.94435470103,225.7755576826726,8.021373486328503,8.021373486328503
517122.6544467876,227.40331010053208,227.40331010053208,227.40331010053208
101440.23936847101,224.6288984655538,8.092861953404173,8.092861953404173
105860.86501407372,230.00000000559837,2.7582831825981766,2.7582831825981766
567548.7438009691,310.89249677932406,216.11967683211452,230.00000000559837
187217.74364347165,225.96321214842877,36.183160741186,36.183160741186
598923.8778764725,253.98086423059993,230.29690718297863,246.31666967521397
397103.79545400105,230.00000000559837,160.5332676907704,200.90703594750318
499269.0443208014,230.00000000559837,208.5959299047125,224.33228661542148
564228.3524708073,255.23494779860425,230.00000000559837,236.0845453317177
103237.39952264988,225.18431534736413,15.089101057251593,15.089101057251593
867275.0952319658,369.72715263204776,196.09456075265493,283.1320198747759
514010.34307152475,226.7179620302557,226.7179620302557,226.7179620302557
534378.203485019,243.4719137885925,227.37977530043156,230.00000000559837
511488.4213766656,226.16109775482292,226.16109775482292,226.16109775482292
197013.6133640909,226.1387212495386,52.66452461612093,52.66452461612093
359166.5332429736,230.00000000559837,177.96296427832362,177.96296427832362
307346.2103675528,263.36237046879785,68.48307533694863,188.84464165392123
108508.04431205736,230.00000000559837,18.398520004700362,18.398520004700362
542200.556363023,239.5382753083216,230.00000000559837,232.34616819025575
505518.8079476143,231.56567677302593,204.55662677124894,230.00000000559837
294914.88794036134,230.00000000559837,153.75097070230598,153.75097070230598
115519.29892925994,242.75029427871374,13.110459235205745,14.630268996452383
494886.7624597164,230.00000000559837,205.52851045833918,223.43915167195433
106763.12050066708,230.00000000559837,10.972240515937235,10.972240515937235
513672.16295662645,226.64336808224203,226.64336808224203,226.64336808224203
563778.7207134664,237.4402494762559,237.4402494762559,237.4402494762559
532966.3995275171,241.3626147398358,227.13426483667254,230.00000000559837
822349.1881754044,299.28021739046125,230.00000000559837,299.28021739046125
693926.5559427394,306.0861648270254,196.41513471460917,260.81121179826977
502520.65493397287,224.16972474756105,224.16972474756105,224.16972474756105
640604.0117690632,258.5546392360599,230.00000000559837,258.5546392360599
120944.99975462466,251.7750578596381,9.280154981066836,11.93371317430601
569935.2772022692,264.0348369203773,197.1377199818002,243.17034456313206
529694.5712498695,242.71483104613174,204.15309965748264,230.00000000559837
194165.25530520073,230.00000000559837,37.241943467810515,37.241943467810515
409798.9642451341,227.59331787108565,125.44312903749233,227.59331787108565
273162.93709613034,226.824631792214,40.14629673439018,162.06662863357207
895960.018044869,376.3341528203145,243.82851590687028,278.92569050017346
539291.4197556482,251.60040696690015,229.75493352563404,230.00000000559837
566323.1081884888,298.1374317959053,197.68826583044805,230.00000000559837
546025.3496915132,242.28700349756244,230.00000000559837,233.01015783222323
720705.8507594652,277.2421889689398,230.00000000559837,277.2421889689398
575747.1898048408,263.95875431904454,196.6806848407495,244.2286270757744
399728.2234679642,230.00000000559837,99.0424546174309,230.00000000559837
674940.5924829181,299.79389981552515,217.56869564064206,254.00110924574403
553033.4230439863,252.0947013544678,205.54646744634218,238.32584746773978
293098.06222107593,225.90484319196355,154.5283411974583,154.5283411974583
610452.7122190406,265.6597466673841,225.87985379841393,248.46980352021507
1096366.83206677,394.7685751969528,238.7754158365303,326.41483692891273
1281495.6214802996,384.0793297124335,225.12237714350175,384.0793297124335
557764.951710564,266.2996465508515,193.16544536818697,240.9030421335665
502911.2258784068,266.00761470270965,134.63947827999195,230.00000000559837
154317.1141587507,247.4286880240385,58.984752417500644,71.79790637230406
477210.6988298254,218.45152753639087,218.45152753639087,218.45152753639087
1215778.580174437,372.48801661417355,230.00000000559837,372.48801661417355
1004996.1186623815,438.42028075391926,204.3104717099919,244.7224893589422
490626.9963698417,230.00000000559837,202.59608441295302,222.55284252029878
550489.7669529892,245.4842238329074,230.00000000559837,233.77690821449346
509911.66508841614,230.00000000559837,216.1856555450624,226.43255455152934
511943.82094268437,226.2617557040262,226.2617557040262,226.2617557040262
576917.6663396145,240.19110440222687,240.19110440222687,240.19110440222687
562364.9307679646,250.79195400677867,211.48116512025982,239.85164315926716
1177507.9416147296,366.51138728238146,226.78532310698938,366.51138728238146
522650.73692414176,230.30710011693893,215.42835593130752,230.00000000559837
104919.34283141418,226.7245761174152,16.245291626233453,16.245291626233453
575531.5321547168,262.7472311677715,200.50617566059253,243.86788317375908
572538.942563964,266.4787921865002,226.62306732559756,226.62306732559756
101587.00033388194,225.34133326404012,1.9224782005117738,1.9224782005117738
278862.1818341717,252.0476364717957,115.62823014479176,138.27705460098645
378925.715558899,230.00000000559837,71.26132431976644,230.00000000559837
878602.2706368247,335.47091718779046,230.00000000559837,329.2119191326041
589809.0399805381,261.7549467500011,206.66736863524687,246.4685528639566
638988.2472908532,273.67434928322274,230.00000000559837,251.83717464441054
556081.2859932336,249.46968366700156,230.00000000559837,234.7252487265551
587516.7237997544,270.50197657642445,191.81200967629135,247.1837277214746
539483.1315703513,253.27092536161115,198.96184722793433,236.0680491040219
126362.3329080942,259.5864079608905,8.821269508253344,11.362244714186762
122432.40399708529,227.31107245196444,48.85150545090809,48.85150545090809
607000.2639815481,262.5709119048939,230.00000000559837,244.15719962248914
115036.52432421762,243.370747739342,8.767227581116918,9.90174536957307
490878.38480002794,230.00000000559837,202.76753661975278,222.6056779664611
108233.54013030365,223.91352875599003,31.541645903441083,31.541645903441083
522688.60232423525,228.6238400351624,228.6238400351624,228.6238400351624
302780.27238674305,260.159308638467,122.86825148002283,158.00238559360957
567513.5091141062,316.2081210796478,202.67504101782367,230.00000000559837
1201200.3840183818,370.0338471027399,230.00000000559837,370.0338471027399
786315.6107843518,292.8108761852134,224.0646525955542,292.8108761852134
1191272.7616582704,368.35322070892767,230.00000000559837,368.35322070892767
580647.7737650253,240.9663407542691,240.9663407542691,240.9663407542691
579283.2153765664,265.74476728547165,230.00000000559837,238.5321147604809
840449.8484610827,303.79215126476015,225.97840505291143,303.79215126476015
828984.2606491981,300.662655779706,230.00000000559837,300.662655779706
147049.27254268283,230.00000000559837,71.80639990412794,71.80639990412794
283270.6950779704,247.16637743952447,70.43357247782455,142.41547037161334
513894.32163242885,268.21208280238295,180.85038332206935,225.32027142663733
960814.1610941545,379.68650134867323,225.49357434325856,292.97583832465295
550152.5037233338,274.85692568622414,226.45495130866445,230.00000000559837
569776.0570020396,322.89477234298806,190.60902008682402,230.00000000559837
121203.77123313576,253.20063888993445,4.787592409977179,6.200767945928605
585168.3390714924,241.9025297659147,241.9025297659147,241.9025297659147
266375.9769950487,230.00000000559837,19.36996118825463,124.6849805969265
702596.3735307636,273.83631641260706,226.61172524756947,273.83631641260706
872688.7806582305,310.11178029646004,227.30403695173476,310.11178029646004
599872.7767056671,265.89437387339035,204.6290050302779,248.78770013787204
565455.3615345443,271.5883880870493,230.00000000559837,231.64806007052496
522044.2276231212,262.29343272264424,191.90713095209142,227.36738782863472
625091.6137083244,250.01832207026834,250.01832207026834,250.01832207026834
1071027.165764051,420.8804968603812,198.25727108461692,313.2803328141285
372579.49239012634,243.44666261149712,163.28029924325617,184.68088323382
826454.1178563705,321.9064516004277,236.5007571667064,290.56892241723125
1383234.1237320523,402.9891784668162,226.08752287860503,402.9891784668162
492532.33067784895,230.00000000559837,203.90082369845695,222.95160512057393
770297.3086325717,339.2930332600384,224.2851668595685,232.8685940812377
583967.963456415,263.4458885225416,225.9620243679194,225.9620243679194
534538.8543796807,235.68194172790731,228.5477864848798,230.00000000559837
200734.68805146145,230.00000000559837,108.93500817363014,108.93500817363014
547992.1837045252,269.2804859387016,182.50336848568398,239.3825199303987
633669.1647095194,268.490991836744,223.74072327064616,254.31593105681742
1018333.3117660809,384.882380701394,230.00000000559837,320.9529377552786
568147.5437106924,272.1623724577179,225.96951158837294,225.96951158837294
365449.5992170237,245.7302622985771,159.4161303977171,181.22271457894448
1041890.4439184768,369.401119969414,230.00000000559837,369.401119969414
113548.88394518475,242.23541821464073,0.019855946848323692,0.021960191798724285
559419.4955140874,251.8381874453674,230.00000000559837,235.285343781001
596959.3286122044,255.84679735949018,224.36769614786047,246.18621181995954
391171.09501202364,264.208517328762,132.4363103513017,194.80072866565683
105280.07138387594,228.50780118971937,10.298306746471122,10.298306746471122
588289.6793681217,258.9276521115398,211.70972405984065,245.7420299284558
492141.45438851183,230.00000000559837,203.6321959427345,222.87011378297677
155986.9323227061,227.30900760565294,35.685946092380554,35.685946092380554
564661.5468440594,265.10111789736254,194.8006068814352,242.32854956012173
511382.29213290155,230.00000000559837,217.24465881244538,226.71589254317632
126324.15126064,258.83637529617715,10.99418226601944,14.176113172308836
102937.15119706743,226.3824785993605,7.408592675802361,7.408592675802361
107172.24914528415,230.00000000559837,13.096989826548219,13.096989826548219
712889.0013237825,294.3735988870557,233.9770416906364,266.75216421052403
517778.9216654147,257.8894316241439,141.66925549278372,230.00000000559837
336839.56580124656,226.05642864685066,171.25877639412715,171.25877639412715
507800.55169117684,230.00000000559837,214.6687729173551,226.02304648765565
314697.0127643266,249.35910498496125,46.63249178583687,208.1295534297123
683608.3320088462,275.20120437622916,226.1698563601826,275.20120437622916
1126258.8615251265,357.8087529619669,225.87832117707057,357.8087529619669
574678.9544035366,262.5512131835859,230.00000000559837,237.79195180708265
229394.7028284085,230.00000000559837,124.29536537179193,124.29536537179193
571136.3196516834,258.73816857565794,230.00000000559837,230.00000000559837
127645.08349740034,262.589787451264,1.0041345242587632,1.2719536934567626
245960.93686874374,262.60471343072925,86.11042066466591,118.32610785679071
130939.11763361629,264.7689942100846,11.992359343146473,15.093881355173568
107656.45504852722,230.00000000559837,15.233413288626084,15.233413288626084
121659.54115172636,230.00000000559837,32.9757793868714,32.9757793868714
473663.6791520663,217.63815822416487,217.63815822416487,217.63815822416487
510615.18073033734,225.9679580671422,225.9679580671422,225.9679580671422
131981.63297548523,266.30088586969566,11.547274272374626,14.464917714588836
514400.6574150831,226.8040249676101,226.8040249676101,226.8040249676101
542919.8653191692,240.05584044539447,230.00000000559837,232.4715547443483
800120.8661619901,322.45163831361845,237.54825781136964,279.590553680495
681960.5216555683,300.8118112940609,218.80188865809524,255.09822080253383
490445.38701775845,265.5335930772611,185.64223625364548,216.02776207636998
329437.63347007683,230.00000000559837,156.17647228254833,156.17647228254833
121538.224372221,251.67255411673756,11.989862125493252,15.407387152131218
502888.40338249167,224.25173430377114,224.25173430377114,224.25173430377114
544788.6540390396,273.060472140786,209.6245073913688,230.00000000559837
566417.9628465316,256.77542959082183,230.00000000559837,236.44554891055668
508849.2570937155,230.00000000559837,215.42176058385394,226.22688584537323
607115.5774326534,246.39715449506585,246.39715449506585,246.39715449506585
550937.7343525935,268.0000394977308,191.45213125630343,238.9794103104647
104429.84892898156,225.3383300548251,18.957593944073516,18.957593944073516
495561.35269907786,230.00000000559837,205.99770149189402,223.57782337912744
503471.61835068616,230.00000000559837,211.57390337082796,225.1726207367642
361363.4127150399,251.07414616840083,20.97047798775127,214.16872297044563
1378394.3354342857,399.6098956883887,224.59940513902362,399.6098956883887
123495.31087721245,256.4463445039193,4.956441830315878,6.397786045849827
295920.463595371,254.9000560679831,121.90083000919361,158.1605109671275
587455.6717977799,259.2342593069138,210.79724058726362,245.65104256326032
105885.05815228817,230.00000000559837,3.260715932461843,3.260715932461843
293036.07122340525,230.00000000559837,21.530707833961618,196.67280100044366
302591.2009413509,252.4268133431324,16.57954704937069,200.01585168953352
435482.90837184456,230.00000000559837,78.3674305794272,230.00000000559837
217372.2497018525,227.9223694917104,98.3719004365051,98.3719004365051
453468.9330239861,212.94810002063556,212.94810002063556,212.94810002063556
767203.6527705491,287.5334008348853,230.00000000559837,287.5334008348853
515692.6700740412,230.00000000559837,220.3570495067612,227.5376161567545
834876.3772496966,329.4144604758041,230.00000000559837,306.75206768947066
567505.3667989883,264.54268724456074,195.95545623838362,242.80614880293234
594153.04740427,257.0954820653721,219.3191542749019,246.1877390676969
221115.77149865517,263.8566865822435,89.01595660838903,112.14852321208944
212109.01216530908,225.59278434723336,8.027167155885014,49.341328129202495
598703.0211216006,254.34764775416588,229.2530591440937,246.3047584648457
545116.7276859349,245.12694880348675,230.00000000559837,230.00000000559837
567298.1881625935,257.3935925766032,230.00000000559837,236.59017401221155
585453.788882664,259.9270499518932,208.7297562545801,245.41176583033402
448014.88596633734,230.00000000559837,172.5149152554628,230.00000000559837
370271.68886951945,226.4069270644527,61.781908112706326,226.4069270644527
251473.32346087482,227.35595580864356,136.05691004941235,136.05691004941235
103503.69181015647,227.26874974499964,5.018996274728769,5.018996274728769
512511.8896009103,226.38725441175134,226.38725441175134,226.38725441175134
566476.5220968217,304.2007809670721,224.89413042019646,230.00000000559837
595646.0937800772,363.8841855790995,184.24817128438622,230.00000000559837
544286.3354031084,270.9463017075047,188.89198051700293,236.14664972276807
117278.67876565042,247.27957792607148,6.010648480267901,7.297970776508867
691182.734309271,271.1486337207144,226.94722047250318,271.1486337207144
412961.89108697104,252.0237038838841,12.635214617198343,221.0659362412145
629417.216332961,250.88188781435798,250.88188781435798,250.88188781435798
119018.66807908054,244.68403898975046,19.62510805926787,22.732149136163
590913.4485777086,256.366564818455,219.8881790482626,245.21961342323664
555153.1785399765,252.46131360762217,219.49295705690452,230.00000000559837
172110.89398377432,226.60791006583366,93.14545357595587,93.14545357595587
105204.1283111252,227.47045069577482,14.656553276808209,14.656553276808209
103332.46232567713,226.63356090727777,8.710055013112528,8.710055013112528
102046.13900567492,224.9926948732539,10.01694509953415,10.01694509953415
464740.6686902287,226.98684279049965,198.27361182509506,225.15791228823667
389601.6102265971,230.00000000559837,182.67863461749903,182.67863461749903
254600.30090271117,225.34473581316445,11.824137255519211,118.58443653434183
508343.71096853033,230.00000000559837,215.05863316817968,226.12872470288755
799408.2499186024,312.9984690879231,230.00000000559837,312.9984690879231
1115022.6833022698,370.9114166656763,234.97699138681622,352.18328094576964
637315.9459355614,257.7585948931701,230.00000000559837,257.7585948931701
103842.77186775007,227.8528374875078,1.0571639851972152,1.0571639851972152
102533.17983318085,226.03530517859443,6.607396034182401,6.607396034182401
322030.7760221268,245.61966569537893,141.73912710056467,167.09098030080057
470267.0663705082,216.85641940475458,216.85641940475458,216.85641940475458
904985.2595384588,340.6148883620519,236.69340350591423,305.22370339894667
1387886.7416452095,400.3259206009615,230.00000000559837,400.3259206009615
105803.79473595305,230.00000000559837,0.6887244371459033,0.6887244371459033
107246.83979521274,227.71318374983662,21.036431756119608,21.036431756119608
178175.70756401285,226.39540161727817,97.25350367539173,97.25350367539173
116871.70489305505,246.9403908724894,4.417376808839254,5.332388768780326
543421.8670689098,269.9203694582827,210.8540961796466,230.00000000559837
104649.70933842268,226.25438147889403,16.836044152460815,16.836044152460815
576377.6213176083,329.8254932917753,204.52832480328635,230.00000000559837
617072.3765574001,248.40941539269403,248.40941539269403,248.40941539269403
550294.9147459762,268.3396709841771,230.00000000559837,230.00000000559837
665962.7665741257,328.15408975346406,230.00000000559837,230.00000000559837
572417.6418820511,265.2448503981848,194.50186691090633,243.68518003557443
117415.75482772908,246.5931675117461,9.670155323482108,11.60251532256181
476742.86585876293,218.34442192526075,218.34442192526075,218.34442192526075
133998.96302264405,266.969943280041,16.080418291363674,20.076358852407374
549766.7586972335,244.96730896217673,230.00000000559837,233.65332281346332
536589.5893370885,271.4775671307762,182.83809743783215,235.0399353288367
541573.869247681,239.08712994686599,230.00000000559837,232.23672993645073
566242.795471949,256.6523368809021,230.00000000559837,236.4167341852845
553058.6431637405,278.80178571819334,225.82644979226134,230.00000000559837
538090.9182785718,255.3905956055846,219.8043686617116,230.00000000559837
289816.2901721602,266.9687742033678,114.93663623291253,143.49901540009188
466425.284486935,265.6773963477922,166.4290676050715,213.8498571519662
129745.28004342012,228.22718931283745,56.53536521521798,56.53536521521798
751099.7482984682,346.6310264656583,192.53530607078275,255.9996321163341
207514.03773839772,230.00000000559837,22.920288603724263,22.920288603724263
506925.8957887325,225.1501489648036,225.1501489648036,225.1501489648036
188645.1493732581,230.00000000559837,101.76268309657254,101.76268309657254
1059474.504211286,345.5065298314298,228.5567839312939,345.5065298314298
803218.2487223764,394.06164509674744,223.90632477219233,223.90632477219233
1181521.3348287172,383.4969173737063,235.04972014147876,363.400182313952
307166.60842487396,265.4107429875651,122.21484297432079,153.59117641445926
529812.0978825969,231.75870682688299,229.9999992867954,230.00000000559837
166249.98374406976,224.96847794718883,90.15843804403461,90.15843804403461
546258.4563474526,269.976449845458,189.40352088518165,237.15088949216775
150108.627163467,230.00000000559837,74.42162585424727,74.42162585424727
530981.8271387799,234.26918466950212,229.99951351507156,230.00000000559837
556419.8082452542,266.5070479971684,193.07222634676896,240.57217761423115
614974.5839668895,392.03160227570146,156.6718632410843,230.00000000559837
547093.3077528011,243.0529730581586,230.00000000559837,233.19437381864407
321080.73168916104,225.90007684659983,165.46111410636703,165.46111410636703
560368.9945856838,252.5103148570699,230.00000000559837,235.44384985190703
1119544.6039564798,384.7272228173491,236.75380614352576,343.961292704031
568569.5907431995,264.3238320523178,196.45171208925282,242.97045938601178
133426.57999029433,225.43483076132128,63.03258497547437,63.03258497547437
109000.86509793364,230.00000000559837,20.002703232260753,20.002703232260753
513234.05108237284,226.54669520484575,226.54669520484575,226.54669520484575
502578.9482306301,230.00000000559837,205.74639555658393,230.00000000559837
560502.7193086616,252.6049190558014,230.00000000559837,235.46614518594737
550023.4833343355,252.51664519957868,203.38762284165452,237.81373132975204
107321.0605734898,230.00000000559837,13.788856770683106,13.788856770683106
106827.21780291646,230.00000000559837,11.331470545377067,11.331470545377067
463781.93869120686,215.35597012648776,215.35597012648776,215.35597012648776
597498.0561651401,255.49913033722976,225.59880592889726,246.15007355023488
508910.2876034471,225.59040041709378,225.59040041709378,225.59040041709378
102806.47756259379,226.19983572440935,7.695341115686876,7.695341115686876
540559.8022498282,273.4520784630129,187.5095964115589,233.1983262264507
528834.4984394269,229.96401858539238,229.96401858539238,229.96401858539238
516047.8399284477,227.16686376504117,227.16686376504117,227.16686376504117
890260.374739332,369.0815411069916,241.96075066649976,271.14760595899725
397053.11304141197,227.08436632135468,191.67632032487396,191.67632032487396
204701.86054172413,230.00000000559837,8.197301468577434,8.197301468577434
591344.5447955414,283.02596672681165,229.8038800848773,235.82853585640106
644060.1834407697,260.03382325262584,227.0676876591503,260.03382325262584
528887.3107569497,267.6422476181785,183.25840006022693,233.5649155689701
505961.3135918768,230.00000000559837,213.35101062855207,225.6635271478053
102443.48411043441,226.12789715747914,4.688181479895683,4.688181479895683
356448.48977259896,225.4867870886491,13.397160291974586,225.4867870886491
200465.60997401504,230.00000000559837,108.78051868835738,108.78051868835738
572372.8462407151,263.49528765163905,198.49605229158186,243.4974800682092
106337.65622774043,230.00000000559837,8.197989254917506,8.197989254917506
126403.67373610234,257.0149901881264,15.5517476130988,20.006622770887443
360625.4444593936,226.97163416276408,2.0482071659835195,226.97163416276408
266263.8098780623,230.00000000559837,18.781958711412596,124.39097935850548
510385.6282803176,225.91715921556678,225.91715921556678,225.91715921556678
287505.16268162034,225.8216151546125,152.2803167433108,152.2803167433108
297286.0255539365,227.24482186090273,155.72636555379347,155.72636555379347
333428.1157206583,230.00000000559837,168.68169570062565,168.68169570062565
153001.01123860324,225.19154999140522,80.29519199766894,80.29519199766894
533379.0529388513,234.7107974464951,227.07340672076083,230.00000000559837
102083.93616174703,225.87134397606752,2.4547938466651598,2.4547938466651598
595269.6031845754,256.6760697950072,221.139186359162,246.215037245371
111171.97185147481,230.00000000559837,25.91324913611838,25.91324913611838
565820.759112306,312.19417462939015,206.28078633544018,230.00000000559837
566136.0322067386,237.9361326504948,237.9361326504948,237.9361326504948
814123.7805110953,332.7497458914676,228.25941976484296,280.5045828281553
103235.87033117647,226.79072847694619,6.780498552545721,6.780498552545721
120412.63009733775,250.81658331232123,9.906281496169814,12.643479679919462
504722.3488058079,224.66026546895378,224.66026546895378,224.66026546895378
205883.18495969765,226.8335388321078,3.4001863504866154,3.4001863504866154
540006.7748625793,247.7392765519511,230.00000000559837,230.00000000559837
540319.0500444121,273.70543000415563,187.06584480726687,232.86985103486353
245419.97432104388,230.00000000559837,36.60594663428149,100.64372517456484
532582.7602444859,236.09873748140615,229.2853794580998,230.00000000559837
520839.7973206026,250.20342624711316,178.1601507401472,230.00000000559837
105936.77992390282,230.00000000559837,4.1349111047325255,4.1349111047325255
507430.0351961423,225.26207741121058,225.26207741121058,225.26207741121058
419953.7210366421,230.00000000559837,128.65162392888192,230.00000000559837
543977.6579627258,240.81644004607452,230.00000000559837,232.65550883934523
1292935.9948555739,481.8799714467466,202.91916693966786,346.01902411458536
513351.5720392762,226.57263118904635,226.57263118904635,226.57263118904635
492428.92703082465,230.00000000559837,203.82971352425733,222.9300626888297
728028.4702930646,279.71217287258054,225.96158198713948,279.71217287258054
550523.2663060905,274.4737526545071,227.9078638786853,230.00000000559837
103405.91395704482,225.0879548028447,16.111871253790962,16.111871253790962
719478.6690605048,278.11846725433463,224.36534317637106,278.11846725433463
537516.3051012196,242.11784296372952,230.00000000559837,230.23686000651736
528872.3161118504,230.7830023251093,228.94314295160424,230.00000000559837
760725.5445960774,336.37496968861507,226.61754259251077,226.61754259251077
197624.51550782326,251.39930106571563,16.05244893979623,19.147244007161575
104626.34218943337,226.73279648184348,15.045016568947608,15.045016568947608
131158.57867044257,264.9794804670045,12.199271912903619,15.34787676077545
560808.5922563304,265.79798598281735,193.66543941773182,241.58356745839242
206680.39101234433,224.96159717306278,114.81776354675786,114.81776354675786
499513.9107972468,230.00000000559837,208.76857013532162,224.38166977315646
575880.6220539219,262.66089466557787,200.74555136812498,243.93127676039455
917179.2600817116,378.69450025700223,242.9746325589937,280.9697906418678
205930.6771850554,264.62534620358815,16.419095134034958,23.804818483447598
551536.4004875362,251.42220370456187,225.41942605617933,225.41942605617933
116542.32036487153,241.55758350503703,19.329679629857324,21.128378770723877
1406940.028187064,403.28960254727514,230.00000000559837,403.28960254727514
573752.0279615103,329.16017934522876,191.8974065023597,230.00000000559837
104450.52818376356,227.27114154328956,11.969673277619417,11.969673277619417
266502.5292595577,248.57506933700057,4.972337389402653,146.9409887539572
251816.63233795413,230.00000000559837,135.10025552011533,135.10025552011533
598616.8876627882,254.46496304199945,228.90770476184034,246.29743798076862
